episode_key,teacher_status,event_id,marker,description,step,object_body,target_body_or_site
libero_spatial|3|7|0|CLEAN,ELIGIBLE_EVENT,libero_spatial|3|7|0|CLEAN|event0,window_start,proposed Teacher window start,55,akita_black_bowl_1_main,plate_1_default_site
libero_spatial|3|7|0|CLEAN,ELIGIBLE_EVENT,libero_spatial|3|7|0|CLEAN|event0,close_onset,first accepted close onset,57,akita_black_bowl_1_main,plate_1_default_site
libero_spatial|3|7|0|CLEAN,ELIGIBLE_EVENT,libero_spatial|3|7|0|CLEAN|event0,grasp_established,grasp evidence established,57,akita_black_bowl_1_main,plate_1_default_site
libero_spatial|3|7|0|CLEAN,ELIGIBLE_EVENT,libero_spatial|3|7|0|CLEAN|event0,lift_onset,object lift onset,73,akita_black_bowl_1_main,plate_1_default_site
libero_spatial|3|7|0|CLEAN,ELIGIBLE_EVENT,libero_spatial|3|7|0|CLEAN|event0,stable_carry_start,stable carry starts,73,akita_black_bowl_1_main,plate_1_default_site
libero_spatial|3|7|0|CLEAN,ELIGIBLE_EVENT,libero_spatial|3|7|0|CLEAN|event0,anchor,Teacher anchor step,57,akita_black_bowl_1_main,plate_1_default_site
libero_spatial|3|7|0|CLEAN,ELIGIBLE_EVENT,libero_spatial|3|7|0|CLEAN|event0,target_proximity,"target proximity, if observed",88,akita_black_bowl_1_main,plate_1_default_site
libero_spatial|3|7|0|CLEAN,ELIGIBLE_EVENT,libero_spatial|3|7|0|CLEAN|event0,release_onset,"release onset, if observed",99,akita_black_bowl_1_main,plate_1_default_site
libero_spatial|3|7|0|CLEAN,ELIGIBLE_EVENT,libero_spatial|3|7|0|CLEAN|event0,window_end,proposed Teacher window end,88,akita_black_bowl_1_main,plate_1_default_site
