pool,task,parent_state,perturbation_template,base_seed,condition,attack_frames,telemetry_sha256,episode_summary_sha256,done_exit_code,n_steps,collector,profile
dev,0,23,P0,42,CLEAN,0,0a93a8a86d5e74c8bf58fd59d9bd55d712338421065c70654efa53719d096f01,b34a2e33cb063e3d7f613a3486e91d9d585cf1830b9fed2e76ea6c04693e354d,0,145,run_v2_vis_sc5_mlp_bridge.py,B0_BF16_Eager
dev,0,24,P0,42,CLEAN,0,588e6e6bd05f04defaabca3d5d132c16eddb6be511916491c9d34c2f3c00c41e,c2a7a930e51d36f14c38a914320dd169c91e2fee432826478d0494c74e2f90f8,0,156,run_v2_vis_sc5_mlp_bridge.py,B0_BF16_Eager
dev,0,25,P0,42,CLEAN,0,a889c0a7da9f274de5df6b74a3c0e5d53825d262f27c1a2373c4391c488212c9,f1b41b4d38a814d82c1ef970ac587e544a70e53aa759cc19e0abcecda92e9b5e,0,155,run_v2_vis_sc5_mlp_bridge.py,B0_BF16_Eager
dev,0,26,P0,42,CLEAN,0,36168451fc1437701cf229b5c69e85538c81c6fa72ec046a044050fad8b1f113,9bf056c9fcb32b6cd9a650c4c4f3440ca8d1c82b28022eb56eb2ab0bf86dd681,0,400,run_v2_vis_sc5_mlp_bridge.py,B0_BF16_Eager
dev,0,27,P0,42,CLEAN,0,f076ad02518ba64497c8a4bb75ff3faf34392d13a73ce138af1003c73689b2ed,d49119471a421646aba1a4bd8044f94c7c8108492c77015c7348bd252a383224,0,400,run_v2_vis_sc5_mlp_bridge.py,B0_BF16_Eager
dev,1,23,P0,42,CLEAN,0,10de076dd39c219bd05af3209ecdbaa07bc2c25ce7500e61b39a5d8cd4173832,59a3a1eb9fd480b269b7537f07aaa112b0af3341fd04cb307b4a8d073d851d83,0,128,run_v2_vis_sc5_mlp_bridge.py,B0_BF16_Eager
dev,1,24,P0,42,CLEAN,0,6cb2ac2b5551d417e465340fe4d58e6cdb7f059f2ec1f6534531396a4f8fc8ff,9d7a56f1daedd35d9038df28b5c8d58e2260ccac70a96f9b0ab78895a6ceadc5,0,141,run_v2_vis_sc5_mlp_bridge.py,B0_BF16_Eager
dev,1,25,P0,42,CLEAN,0,e1b922fd7e59b1c4b21b1b9f1f9d61f74e8b8f024f5f863789dd67a2f6ca7757,018e4f6850480485034415155338f7eee48c2ebc2d9bc489368ad510c75e0e1f,0,119,run_v2_vis_sc5_mlp_bridge.py,B0_BF16_Eager
dev,1,26,P0,42,CLEAN,0,9f70ff4fe335d8d17ab77faf560d5e6863bb2d5f023a61ce541548ad281ff555,69fb62c4ab382b09fa1385c875ac46e19cc725b2e50f276e40126bc4ca635964,0,194,run_v2_vis_sc5_mlp_bridge.py,B0_BF16_Eager
dev,1,27,P0,42,CLEAN,0,659747215d1fffba85e1f0d35d646c47e63b1c520f10227692a50d8ea0c19ff3,49d88998ea46e0a71a228187723c0577f31528e7f4f46586120899ee041f9075,0,400,run_v2_vis_sc5_mlp_bridge.py,B0_BF16_Eager
dev,2,23,P0,42,CLEAN,0,6f3045a8d53ef8c9b089feb4e7ef91002375e3c4569d508b917be23a108d526c,89ae256848e5cc997888e57bd1d60a155fb8b6fbdbd0903912b8b7f1ac10c26b,0,133,run_v2_vis_sc5_mlp_bridge.py,B0_BF16_Eager
dev,2,24,P0,42,CLEAN,0,7da292ee58b791dfc32b0ab95e52131606f729a985c6bdaed08cbbc0134a1a42,fb1dc5af85495ed9bed128ea502c7f6bef6a1ec1e7830af0026fc59592c3638b,0,154,run_v2_vis_sc5_mlp_bridge.py,B0_BF16_Eager
dev,2,25,P0,42,CLEAN,0,9e0ef3795c97d24d1bbb779369b0584e8669c57bdb10d52202c92561b121057d,5a91b80b29023ca86743ef7c0233fac66ae39d6ad3f27261ce81c181344f3e41,0,132,run_v2_vis_sc5_mlp_bridge.py,B0_BF16_Eager
dev,2,26,P0,42,CLEAN,0,5a89d7c76e992a4969b943a6f4d1a44638804cb3feb93648c9243c3073e2bcc5,72d919752949c51b678079f4928d13cbc8d2b30a3e6ae2fb9420794fe41d7a83,0,118,run_v2_vis_sc5_mlp_bridge.py,B0_BF16_Eager
dev,2,27,P0,42,CLEAN,0,fc85068f8943f486d826dd9b4ce948f4082f4e2496ccdf9a913e8d7af5673203,d49119471a421646aba1a4bd8044f94c7c8108492c77015c7348bd252a383224,0,400,run_v2_vis_sc5_mlp_bridge.py,B0_BF16_Eager
dev,3,23,P0,42,CLEAN,0,5918c1dd507e492170de0dda651de2965515bdd3569352946dfc90d40e45b28d,d4e9d4d2b00de76f0ce623e379e95d373a4eb46b5b170eaf1ad5f5633866782f,0,400,run_v2_vis_sc5_mlp_bridge.py,B0_BF16_Eager
dev,3,24,P0,42,CLEAN,0,00407184fe410a0c3d28714cd210bc4fd8b9da913a4b16ed3ddcd08b09d80a10,bbd3843e3b93291db290fb6672b686719d8e15014c8eeb9c0cc931ae356998f3,0,172,run_v2_vis_sc5_mlp_bridge.py,B0_BF16_Eager
dev,3,25,P0,42,CLEAN,0,346ed995d4dffa8c040d08687e0eb53d3f36cfbdd638b73a73dff7dfaa775eb0,c50de4d34ebad002a614969355891d0d399f550a959050721e925827f1a7bfdf,0,400,run_v2_vis_sc5_mlp_bridge.py,B0_BF16_Eager
dev,3,26,P0,42,CLEAN,0,3f7634b42674d59d2c10dde76a15457d2a9b0fe2849d5a9dbb4c4ef0d915729a,fdcd669a22e20559bc708bf6240bb1e369ffea6a54e789a883497c37afcb1a12,0,400,run_v2_vis_sc5_mlp_bridge.py,B0_BF16_Eager
dev,3,27,P0,42,CLEAN,0,3b61cfaabb673ca13a39cab9c1f72d8ea07ffedfab57e7e86c8b7e7135f4f765,d49119471a421646aba1a4bd8044f94c7c8108492c77015c7348bd252a383224,0,400,run_v2_vis_sc5_mlp_bridge.py,B0_BF16_Eager
dev,4,23,P0,42,CLEAN,0,9b07e66210db632551e64b5f3a6c17fda4ca045b4f2715e75614dde53ba7a9d9,a31be63503281ac3ebe6457f15fee862a410c359db0bc9751335c6657d74b605,0,140,run_v2_vis_sc5_mlp_bridge.py,B0_BF16_Eager
dev,4,24,P0,42,CLEAN,0,4ee60a5bf8b71f013de1077592f6243cd2882dd27d4295170d2bbda7846195b8,aa17788699dfa447a2dcd7b026df2aa3cca04ea74ddd25c1dbb6634fac1eaba5,0,150,run_v2_vis_sc5_mlp_bridge.py,B0_BF16_Eager
dev,4,25,P0,42,CLEAN,0,c0709901acb4115765588b4c98233df0db2dfe786880faaee5a0205006e5b922,182c1341a3c6d2d9cc16d84704f43417065c42cf72326ce1d7a01c39dce5a439,0,159,run_v2_vis_sc5_mlp_bridge.py,B0_BF16_Eager
dev,4,26,P0,42,CLEAN,0,d514b8ae8a2d3e33b3fd4a35fd9d1ccd58861a2dbc94fe5ba921469605688e3c,6e702960edb2d5394750ddc1ebaba0e1c04305d9bc0252e3f7f10b1728fc9c1e,0,139,run_v2_vis_sc5_mlp_bridge.py,B0_BF16_Eager
dev,4,27,P0,42,CLEAN,0,88ee630c0f0dafb67fdeb6abecfd0896081ca2ed6f3f25f0e10d50ee81fe2754,d49119471a421646aba1a4bd8044f94c7c8108492c77015c7348bd252a383224,0,400,run_v2_vis_sc5_mlp_bridge.py,B0_BF16_Eager
dev,5,23,P0,42,CLEAN,0,25bba3ac7a6b5487125743b9e908a0e37049d65374632503e669b668b7940d8d,022ced98d3bee1851d0781bdb0d3b48ff58a688e58d955b32030d187351162a8,0,143,run_v2_vis_sc5_mlp_bridge.py,B0_BF16_Eager
dev,5,24,P0,42,CLEAN,0,1062a52d4fdff3630ef2b0f5dcf3dee3fc6571c2ac3aee3668a36957ca6c7a81,fe7e35f1eeb865f17dd353b61c49a9c21ccd2fac7c9b3d86cf178ea3ab541e5b,0,149,run_v2_vis_sc5_mlp_bridge.py,B0_BF16_Eager
dev,5,25,P0,42,CLEAN,0,78e406236b5871ec4ad96269eae25076f6d21876e1c0744dd160f79217c5a453,7ad9a8293c121a280f75cba7aff86648f6faaa7a6e4d09b760eb5f693b72b1b5,0,266,run_v2_vis_sc5_mlp_bridge.py,B0_BF16_Eager
dev,5,26,P0,42,CLEAN,0,ad491cb4482001cf739db4240a064f4802a3e0ec9e91d729b940edfda6b57dad,c125eef0c062703b90861811d5132d547d7a96abd950b44b190004e401257196,0,112,run_v2_vis_sc5_mlp_bridge.py,B0_BF16_Eager
dev,5,27,P0,42,CLEAN,0,b8d44ee97534b4cc9d94803b9785dad3efec6d001123507f1256dc039d1e205c,7890312e740422cd8d3324e95cbbfc66497b8d4adfd491575e3a545b7bf05257,0,163,run_v2_vis_sc5_mlp_bridge.py,B0_BF16_Eager
dev,6,23,P0,42,CLEAN,0,dc75c36445a3e84c1415ebf1c220bdabb8cdcb4607f6deaaf3c0bc797db626de,d4e9d4d2b00de76f0ce623e379e95d373a4eb46b5b170eaf1ad5f5633866782f,0,400,run_v2_vis_sc5_mlp_bridge.py,B0_BF16_Eager
dev,6,24,P0,42,CLEAN,0,d9175281b6f2cdb029dbd3c6c333f08ac897129ce78ae35fc5bb24160f6e421f,e76e6442b109b848666813a55370982da4fbf35fb76328dc84d66485df0ef786,0,186,run_v2_vis_sc5_mlp_bridge.py,B0_BF16_Eager
dev,6,25,P0,42,CLEAN,0,622f4cfd2d798aeaa5d722cad24e69e7f62d1d433ced1af2f90f1accf19d2c7b,4d1fa40466accd9e73d9950a76f6da08df28147ac68855dcdd65aeb6ba37b551,0,160,run_v2_vis_sc5_mlp_bridge.py,B0_BF16_Eager
dev,6,26,P0,42,CLEAN,0,fff7ceb90b1a35ed04451dae140ecdacb2539d361684dc38e87bde909ae495da,ccdff423fb0c10b5f0d5507d7e844e6a7c91e45321d1e7a257bffbc413bc35f5,0,159,run_v2_vis_sc5_mlp_bridge.py,B0_BF16_Eager
dev,6,27,P0,42,CLEAN,0,e293d31ffdbf7988761219a8bea1d03a8855b690f43f8c8b6807f53e64deb56a,1ed1efd379eaa39c556fc2137f033cadd97d1f6d325387b5a2a41aa4b86d0a13,0,142,run_v2_vis_sc5_mlp_bridge.py,B0_BF16_Eager
dev,7,23,P0,42,CLEAN,0,1ac29516caead37ece737ebb972007014b31d2c7f3959dd45742bdafa6355b35,d4e9d4d2b00de76f0ce623e379e95d373a4eb46b5b170eaf1ad5f5633866782f,0,400,run_v2_vis_sc5_mlp_bridge.py,B0_BF16_Eager
dev,7,24,P0,42,CLEAN,0,d6ef0b3ac92a4dde5910748568ee98d6ae78c7d9169d127d3345ff17d595f815,8438025834aaa5bf542d5514db85737f01d7f2f8eb2ee7d5282f2fae87ebc89c,0,151,run_v2_vis_sc5_mlp_bridge.py,B0_BF16_Eager
dev,7,25,P0,42,CLEAN,0,994c8f99bd0bacd11a4ceced88b51734ce9eed998415bd01b6df9d9fcf7cdc85,67060f2c641aecaf67ee1a45074fa585b98d5a81e2a2a58aeac82c654ae7ec2d,0,135,run_v2_vis_sc5_mlp_bridge.py,B0_BF16_Eager
dev,7,26,P0,42,CLEAN,0,deda7537cfcfc24242746a3292a1d285d4ce326995a272d2039dc303c75f2b90,a7017f1c45b416b1849685edcfd66cac52bc57e29e931648802ac4674e291eec,0,400,run_v2_vis_sc5_mlp_bridge.py,B0_BF16_Eager
dev,7,27,P0,42,CLEAN,0,fb23fdcf8878d27f0446e99763c5f133bfa05715ee49f3d8e457c2db734660b1,ba9b9b75d9a469a20a374ad2bd008faa115869a26c7bf9a997ba5889ac4d02ae,0,139,run_v2_vis_sc5_mlp_bridge.py,B0_BF16_Eager
dev,8,23,P0,42,CLEAN,0,2d573128ca040f85fddddc70b3a48fdfcb5272ac53fa7ed1c5409926692b4146,d547fa66a6df910f1dac1e40c07160efe7d3181fabff42b6efa364a0149b2d08,0,400,run_v2_vis_sc5_mlp_bridge.py,B0_BF16_Eager
dev,8,24,P0,42,CLEAN,0,ba79e4dd0b4417f7fbdfae678c07f502a92e9b5c94dc8985547ee3f54196dc3e,8fcb18638bf952d6af14f38bf6ffbac8a9282d9e9c941d8ca5e67eaeb299a4aa,0,201,run_v2_vis_sc5_mlp_bridge.py,B0_BF16_Eager
dev,8,25,P0,42,CLEAN,0,340ae72e25934c350a7e2afbcae1fb90538f45956b0c714f23adcf05043175ab,840dbe9b1e9d3e8b81133eaf991667c6ed9270be358eef0a9c9077906547f95a,0,161,run_v2_vis_sc5_mlp_bridge.py,B0_BF16_Eager
dev,8,26,P0,42,CLEAN,0,2937794d84ffc9b62322ee6bc328abf2344425b482ec3253c2adde48517ad257,fda7a7df53b9f0e6168911115ee6b561bfeed6e9ae18a3f975111b7c2f40f7f0,0,400,run_v2_vis_sc5_mlp_bridge.py,B0_BF16_Eager
dev,8,27,P0,42,CLEAN,0,fb4cba2af8c53e7deb11bdfe6288f58b0b8a422140819682236efdb8a5da2046,5cc60242a7a22144cfca4a087c851f0788a8129ecaf5db6a6c0321588457c689,0,147,run_v2_vis_sc5_mlp_bridge.py,B0_BF16_Eager
dev,9,23,P0,42,CLEAN,0,28510e931105f51ebd2bc3ebfb490d0d996f73b36857ff20c1fd11441bd09ca2,1822cf7101b00113f85a11488fcc43c5ec6a1f7afe29270a343ae8acfc26570e,0,122,run_v2_vis_sc5_mlp_bridge.py,B0_BF16_Eager
dev,9,24,P0,42,CLEAN,0,4307f8cb24022c5e81f826b175b28c487efc4c3c21f97f953e88f1935950bb34,95182cf888c97751e131413c50aa198bf1f28ff72a040b46760679e399324f65,0,121,run_v2_vis_sc5_mlp_bridge.py,B0_BF16_Eager
dev,9,25,P0,42,CLEAN,0,bf2b910bd3f8dbebb91ec7cac237dc9a873306c1ad0d00eafcc0fe427efe0b39,5f292e929c9e5b74e9a77f17c7bda1b6438a5672707dc18456f1755958f62130,0,318,run_v2_vis_sc5_mlp_bridge.py,B0_BF16_Eager
dev,9,26,P0,42,CLEAN,0,e6230823e3c47ae59f1fae0ecae7cb642c7662d6b0be8751c42c3380be7d741e,381a2822b4ffb117a13c271506a60370b8dad849dc88b83452d004c7da9e0c7d,0,141,run_v2_vis_sc5_mlp_bridge.py,B0_BF16_Eager
dev,9,27,P0,42,CLEAN,0,e6a1bf0aa505ccd85e868432aa530d780771a19e31f69f452a379086a6db8188,d49119471a421646aba1a4bd8044f94c7c8108492c77015c7348bd252a383224,0,400,run_v2_vis_sc5_mlp_bridge.py,B0_BF16_Eager
train,0,10,P0,42,CLEAN,0,b2875ea640db99027349d59b902403e4067eb82b8be2be82becd0393156e0b23,1a2e2dd096fe6bd46d1ec2851c7ef3472272b553f402062538729f9e25fb0ffd,0,150,run_v2_vis_sc5_mlp_bridge.py,B0_BF16_Eager
train,0,11,P0,42,CLEAN,0,1ef48746ed4beb04554605d7763390fd9e8849ee32f916030f1d5742173fdbb6,764c817fb50f956adcd66d331d0440798259c0dfbcbda66f487d42afc223258c,0,400,run_v2_vis_sc5_mlp_bridge.py,B0_BF16_Eager
train,0,12,P0,42,CLEAN,0,99115d6ad8ee5c300198a9b610d08f43bc4de62b17843bb0f3916e39681864d9,9ca971472621c062ee4a1b39b58a08d5db72ed4675044507a18ebf80b1886c10,0,400,run_v2_vis_sc5_mlp_bridge.py,B0_BF16_Eager
train,0,13,P0,42,CLEAN,0,60ca54483d9d13c74b29fe70bdc6903d1999009d066d4ca3e3855d0edfe32718,e42428582052ab554d5f7c41c6d4a06253e8dffb061ecd3c5fe32981666ae5b6,0,254,run_v2_vis_sc5_mlp_bridge.py,B0_BF16_Eager
train,0,14,P0,42,CLEAN,0,64f1fe68d9c7f89b336a97051f538466d738d73d920203acec4c455e15f688f6,2df968450f2da1331c7beb6989e707aca003e131feb1b9405f528deb312473ca,0,169,run_v2_vis_sc5_mlp_bridge.py,B0_BF16_Eager
train,0,15,P0,42,CLEAN,0,ba32c88fb3d2762b4ee74b81a017fba6617cc19c614b8b8f2f9e587f6f8099d7,0c15822b4ebbe2b96cb2f59f8676bb9ba95540b3dabe6dfc1e6806043c8e1ce9,0,152,run_v2_vis_sc5_mlp_bridge.py,B0_BF16_Eager
train,0,16,P0,42,CLEAN,0,998f1bf568ca98afcc3f200114d8405f2d8ddb84179ba5354fbc32b2c751fe5d,42d6f6cd3b69fb742f9b7534a8215bec73440d90685156c68b25ef6db390775d,0,124,run_v2_vis_sc5_mlp_bridge.py,B0_BF16_Eager
train,0,17,P0,42,CLEAN,0,b8921552a39f245a11ad7a980eb16cc55e1ab48013342d6f9c707f7bc9bcb9f8,932c9f36f07c54dd692fcc544ea4cf2a9c524a6ff355d938eec45688fbd5643d,0,130,run_v2_vis_sc5_mlp_bridge.py,B0_BF16_Eager
train,0,18,P0,42,CLEAN,0,a3f2955388e214585f80d83ab55d798e1a5899aade8ccbf2409df10290d70b75,a53e6b823faf60e994d6f3850600be4bced76304e023e0eb581f1363e1c3ca98,0,151,run_v2_vis_sc5_mlp_bridge.py,B0_BF16_Eager
train,0,19,P0,42,CLEAN,0,b64e388f0b2e1108c4a0bc1bc21a369942e831a93effef0f006393e4213e83ea,15b0de224dcecb93b1e348ce216868a3df989d53fddcc053a73cae8e08e5a771,0,147,run_v2_vis_sc5_mlp_bridge.py,B0_BF16_Eager
train,0,20,P0,42,CLEAN,0,291cda7aec13ab215c71fac187a3c1c8621e1f9a075a76b9e87f5534ff529397,d8cabd2fa8a559a1b05207c39c5d2db827f7d1a945556229435a8e587cb3cb5f,0,180,run_v2_vis_sc5_mlp_bridge.py,B0_BF16_Eager
train,0,21,P0,42,CLEAN,0,c1dbc72703cb3a9df7dd4f0fc9b0a22f770de144a0c77369a658d34dd8a734ed,67015e3a247c7c432ca90dd1afe600fde199700fa1d49e5b11cf78b09425ffe1,0,215,run_v2_vis_sc5_mlp_bridge.py,B0_BF16_Eager
train,0,22,P0,42,CLEAN,0,52e22817b93ea40f4dfae384b3429d09f4b7e548fc88c8212b523d51a7858bfe,5fe67a4a587e14d5d561fdb5042e66b5c6843aa0b15c6821ab212ead5e9ed27b,0,193,run_v2_vis_sc5_mlp_bridge.py,B0_BF16_Eager
train,0,3,P0,42,CLEAN,0,0874cc67de01332f1f889e2c346a38ac37dbf397d2b7d9b0e8e85235234dd02c,972f88ad027d8cea4d03db73a89b7cc5994540a97785de1d30d9dcd20025b6aa,0,140,run_v2_vis_sc5_mlp_bridge.py,B0_BF16_Eager
train,0,4,P0,42,CLEAN,0,275f84f8bca89faa9ff79df9777f55951d44b0cd0721ad3c8df5601ff816d9c8,6d52f68f9dfe0069890688a8098d025e04934ec2bf52b16abe2fcd5fd66a4006,0,133,run_v2_vis_sc5_mlp_bridge.py,B0_BF16_Eager
train,0,5,P0,42,CLEAN,0,851c11d2779693b6f1d0bd49ddb733506fb003c51dee54951119bfdfdff13d36,4cbf8a7286337f87fe671470cd61d04ecd34176cf7bfe2280bf0ccf7765ade1d,0,400,run_v2_vis_sc5_mlp_bridge.py,B0_BF16_Eager
train,0,6,P0,42,CLEAN,0,ac66dbba7a6ccdf5224d137599bd81a3309ba5cea2ebf53337ae88c2e9572ddb,1d662f0ff22df6cd63cbbbb8c0d6c0e343a297b4b5cc842b2b2d5a85eb34ec1c,0,400,run_v2_vis_sc5_mlp_bridge.py,B0_BF16_Eager
train,0,7,P0,42,CLEAN,0,87de1ce4933ecc29e7e0fa4fe904d833220ad7bb19fc8536e193f19e0ebc6466,77944afa60bee3b6ebe81a688dba54f95bb75981372bd11fb817c78fb6e8b637,0,158,run_v2_vis_sc5_mlp_bridge.py,B0_BF16_Eager
train,0,8,P0,42,CLEAN,0,ecc2ea99f25e388392c27ac0c01ffb1e8bb71d3da448cb2ad80855ffccc8d06c,e8ff438ff02d1aa573ca1be5669c0244219b4e72df9c069f03645a9a131c213e,0,178,run_v2_vis_sc5_mlp_bridge.py,B0_BF16_Eager
train,0,9,P0,42,CLEAN,0,dd53056ffc668e4caa880616d57e4f9e596db4072c9ce1f7cbacf7457b862990,ea487c0210b3d8def960d0b0d8c8c4fd37908ce14d7b37aeb0659b1321947a50,0,205,run_v2_vis_sc5_mlp_bridge.py,B0_BF16_Eager
train,1,10,P0,42,CLEAN,0,f329be895ea00c80a21f5aef1eec5298c75fe5fd95137890909d68d64e4fe93a,5d78a4995e1b373a622478b102f40b8acb9dbde24165e3912043a49420317b50,0,152,run_v2_vis_sc5_mlp_bridge.py,B0_BF16_Eager
train,1,11,P0,42,CLEAN,0,21075e5dd7c8131b865108fbadc44f2b9094985f6366bdb227250173934b3327,bce78d81b87b1d1c2e44661b94014e4bd68b947b63fe4a7bfe64ad5c78a22eb7,0,170,run_v2_vis_sc5_mlp_bridge.py,B0_BF16_Eager
train,1,12,P0,42,CLEAN,0,3ca2ba13aa78ce52680c9673127cc0a3ebaf21c1c52dce476b51376b2166030e,2043a0c223978ae8e401c4fb1f126c6b99f7df89a9f0a7a6da76f76d16a2321b,0,153,run_v2_vis_sc5_mlp_bridge.py,B0_BF16_Eager
train,1,13,P0,42,CLEAN,0,a282157dd13f228313412fcf078f104cb764de6163d8ac0657181e16420730f9,6b9e07dfb4aa51595683deda03165d6e67e9e8c78acb5bf91accbe86003c1b41,0,121,run_v2_vis_sc5_mlp_bridge.py,B0_BF16_Eager
train,1,14,P0,42,CLEAN,0,bc29eb3125e45514f0e45dd4a5960105acd8e54c8bae8a5079f390f90b3eb71d,ce68c2a307c3f1995eec5d48c30b5eb255bdb125b96a411f99d5bcb77a58f246,0,120,run_v2_vis_sc5_mlp_bridge.py,B0_BF16_Eager
train,1,15,P0,42,CLEAN,0,3e1d81f3a23cccc38e5003c92235662bdeb385cbed8f1b537c961aaaca543a05,1d54238120e373f861934c5d0c21bef069422a0b4f5adeb9cc2d3223fe97861d,0,127,run_v2_vis_sc5_mlp_bridge.py,B0_BF16_Eager
train,1,16,P0,42,CLEAN,0,ad5dfd1332999af021750b0f13a6194a23faca1f5839a5021f1b030f248074af,a2a81e05b1dcb551809104b09c431a2913d634e2377bdb5581f700b64e76948b,0,400,run_v2_vis_sc5_mlp_bridge.py,B0_BF16_Eager
train,1,17,P0,42,CLEAN,0,a38f8d5c2193639429790c4e80960543ded0939b6d4f7ed9c2426ffb63e85169,238d890b1408b9282b19bad3fc89bcbef4832de0ea1728038cea367c29552060,0,150,run_v2_vis_sc5_mlp_bridge.py,B0_BF16_Eager
train,1,18,P0,42,CLEAN,0,27f4917eae2537e806f760adb853bf2b849908ba7d7bd412550c92e26db510ae,e76e2b26eb1578aa5e57d4d6a5f7172f07d90b331f7977aa9b9560919a6384ca,0,134,run_v2_vis_sc5_mlp_bridge.py,B0_BF16_Eager
train,1,19,P0,42,CLEAN,0,d5f0e87e5f056ab7759833bb8e2fef5923066a7c6ca1043d3df7d4b7ca0065c6,5d630188b44dad554909be6dd5b44dd2b6072d311d30cfa25d5843f76f56a81c,0,115,run_v2_vis_sc5_mlp_bridge.py,B0_BF16_Eager
train,1,20,P0,42,CLEAN,0,a34f9dd6da06a1ad2fbb8e606bd209fc27ba5a7aaa3d1ac97c31a30a53a53408,292fb6b16952f12ee827347826cfa2b49670bf794914ab5698c9bf5a9d910076,0,120,run_v2_vis_sc5_mlp_bridge.py,B0_BF16_Eager
train,1,21,P0,42,CLEAN,0,e88884915682c17a8fe192d456cf5168771553c5aca18ce005d3a767eef58922,49a9a61839a18d78abc83d76ca02d0a8c02e632e9502a976819629e60dbe0666,0,145,run_v2_vis_sc5_mlp_bridge.py,B0_BF16_Eager
train,1,22,P0,42,CLEAN,0,8859a64ea8956f90059b9d5e666c1ed5b4b20df2b5b3fb8ecc5d576aa3b669d2,6e1bcb8069a421e9f48432496d7c182b7381b9e489effde672bfcbcfb07c6872,0,122,run_v2_vis_sc5_mlp_bridge.py,B0_BF16_Eager
train,1,3,P0,42,CLEAN,0,d56d45b11cc8878d1b78c52e00097472d08ca322e7a1c3fa3bb3d6860895dc28,2edb1fbaa146f664134c235a791b943aac6d6529a05ef604b3fc26a2e6ab0a98,0,153,run_v2_vis_sc5_mlp_bridge.py,B0_BF16_Eager
train,1,4,P0,42,CLEAN,0,34e478c5d61c67ceb22f6ddde549038a3e979b55ffef023e153401e4b2cbc3bd,13341e97916f5257d09b099f4e432765867ff1d2e828783b8d16c6385897ae0c,0,135,run_v2_vis_sc5_mlp_bridge.py,B0_BF16_Eager
train,1,5,P0,42,CLEAN,0,68933c64917b4fa127e249bfe084669ffed7a02b5fa5bc86307f6f8dd62f8b27,34a8bc50d7987fe8909e5ede9b3cc98865615e0fbe4e4a9c3bb70a1429151e09,0,178,run_v2_vis_sc5_mlp_bridge.py,B0_BF16_Eager
train,1,6,P0,42,CLEAN,0,095af6aba64c16299ac4255435558218e0c95f377c5342ab956ce355e8ac3d1f,28bcf4dfc972947994d1cc53b8fa41c09a458b8a3fcae2a39414fd8eb6042ef3,0,126,run_v2_vis_sc5_mlp_bridge.py,B0_BF16_Eager
train,1,7,P0,42,CLEAN,0,216e49abcf45498fcd958beb20147616efadc7b4c5857f5aeb3985f2a04c9a9b,8842f5b4c56d3eeea8ed15db685b8b0cdc5b572b640b09e45a0089da6022111b,0,119,run_v2_vis_sc5_mlp_bridge.py,B0_BF16_Eager
train,1,8,P0,42,CLEAN,0,996ddd494baedc43d0d68b699959c306aeab56a643b46179198036c73aa2816c,583861c527b9bdeade9ee737c13949ac5db1746f785a48228cf1f1267e20f3eb,0,300,run_v2_vis_sc5_mlp_bridge.py,B0_BF16_Eager
train,1,9,P0,42,CLEAN,0,6c141bcb6b64cfa2c668bd3fd44f05f24558f76355b3307ffac335be7bc0a913,2df6e38972c8cdeca8c68bef8608359e415656543d3372d6fed07da68785a030,0,400,run_v2_vis_sc5_mlp_bridge.py,B0_BF16_Eager
train,2,10,P0,42,CLEAN,0,0d7fc4514501846b9433da01af8428a33cb0ffaf5f5b8ffa7f219c3ae87e3361,2a70f850484f93b5e8dfcbd7bd55e17625bd9e4298164dca116753cbd03d3dce,0,108,run_v2_vis_sc5_mlp_bridge.py,B0_BF16_Eager
train,2,11,P0,42,CLEAN,0,54d49c2b84c59db7a7f37f10f7c21806d1d166b4b3c7d11b46c733edb0f6f661,49ddf8f1c51b5468951e9463024d38d497a2d2b73b0ac584d1a1513cf0f1b02c,0,129,run_v2_vis_sc5_mlp_bridge.py,B0_BF16_Eager
train,2,12,P0,42,CLEAN,0,204fb01717e3c120ea1a140bb8d1fc2df420bed30a17e8b24e24e208b490c68b,19d152d2c51342e21b1de417ab4aa372f6485644f361cd71090d68c6a9e813bc,0,129,run_v2_vis_sc5_mlp_bridge.py,B0_BF16_Eager
train,2,13,P0,42,CLEAN,0,c24c7ccbcf6136093562370fd4b32e43942f378a94943c9c92f491550faba2fb,a3f7b47a56fd20583a5d56685b79c53a8824977fb45b2210188f1ee241a9a8fb,0,118,run_v2_vis_sc5_mlp_bridge.py,B0_BF16_Eager
train,2,14,P0,42,CLEAN,0,5c61e1894d995dd9c25e2bdd9719a20ef2a5ade6ab6513a74bbf2bc16e647d69,75bd87c86ff2fdb4aa818f34c654a8561069409d799c395a409b546678372b3c,0,129,run_v2_vis_sc5_mlp_bridge.py,B0_BF16_Eager
train,2,15,P0,42,CLEAN,0,9776b6682c26422ec1d594c1f8af1ca0d519d3f1523cc9124d86bf135928caf0,ebae33d539cb61feac318259f3c36cdd36561ea70d43160770d4504bccced7ce,0,224,run_v2_vis_sc5_mlp_bridge.py,B0_BF16_Eager
train,2,16,P0,42,CLEAN,0,041137d8f1b6d301e15207c87573534cb1574a9958f898551ed8c06ac1b7cfde,ca9ab5a7abb272ec5d31c98c157873e496c6bbcb2823bea25c9c2ae83fb3aa1a,0,120,run_v2_vis_sc5_mlp_bridge.py,B0_BF16_Eager
train,2,17,P0,42,CLEAN,0,c9d86d9ceed2e61b0a0d62d5399ad5c6e6bbcd671f4a534cd02a6cc1798187a7,a4cddffb1a5d958cc3065372798652c912363804e83b74a3a772c71f63b0882d,0,118,run_v2_vis_sc5_mlp_bridge.py,B0_BF16_Eager
train,2,18,P0,42,CLEAN,0,fbf6b91f91544a7f4be671a05a62399ebdad2625114fd42e126e15244c2889dd,5ebac5871d2a34c7c3f756b2dde3af8ab39760d9c897c2a8165b0a1a8af369ff,0,196,run_v2_vis_sc5_mlp_bridge.py,B0_BF16_Eager
train,2,19,P0,42,CLEAN,0,52495443b6553a6d0d16d3ae59a3aec5495220562eccf3eef119d28390183741,336277580106bf77e625bd1c116da0f829181123c244d2887fd313e067a62961,0,117,run_v2_vis_sc5_mlp_bridge.py,B0_BF16_Eager
train,2,20,P0,42,CLEAN,0,505aa74aad0eba77e91ca6ffd48fea15b47c369c9f1b2a85f3712abf01450ef2,f683a99411a927e9ce969dcd080db14fd71264d6f2ece4aa104874b7d1e433f8,0,120,run_v2_vis_sc5_mlp_bridge.py,B0_BF16_Eager
train,2,21,P0,42,CLEAN,0,3755f096ff4205fbbc72d37334167ef409f578db1336ebba60d7ca17721587c2,37444bc7de9a28b99145da90a3e9cec7da240666fc66768e430b4c2471111e2b,0,168,run_v2_vis_sc5_mlp_bridge.py,B0_BF16_Eager
train,2,22,P0,42,CLEAN,0,23a0cd81800952c9c86237f0f474c63072e752ea9c4416ec1493da486bf9a60f,ed325d13cd1f6cce5aa286277c3aeda7607601a2045945a8a72050313b070a2e,0,113,run_v2_vis_sc5_mlp_bridge.py,B0_BF16_Eager
train,2,3,P0,42,CLEAN,0,f93b104a1d645da7ec59ad53777919d80a502eef954b7dd5731b00a1d303ab46,93a54efcb601935bd5e277f38708b94781bad09f1f943ffd8135a81f88bf203d,0,130,run_v2_vis_sc5_mlp_bridge.py,B0_BF16_Eager
train,2,4,P0,42,CLEAN,0,8a1aa80c96e90992a2c7c01423f0a844c09e96c7822d8f31b990a33561a030be,4963705cff31f71e4019b01feef0ef4eb8695a7dedb79b94ee68f0fcbcf08fd2,0,122,run_v2_vis_sc5_mlp_bridge.py,B0_BF16_Eager
train,2,5,P0,42,CLEAN,0,70a7a6cc2029e598690ffd577ddcda3dacec02573c2a91fb68aacdd02adfac4a,31d34d9561bc4e91c2240b70cecc4801e870a99d7a2c56289911ce9380e46e31,0,136,run_v2_vis_sc5_mlp_bridge.py,B0_BF16_Eager
train,2,6,P0,42,CLEAN,0,1fa51aebf545b8900527f78f2074bf2ebe34dc2d8aa9e0a107b70d60cf3800a1,07bc43071fb4ceaad408b3f0139c875d0bfcb4cb59562a02f562ebafd594b163,0,148,run_v2_vis_sc5_mlp_bridge.py,B0_BF16_Eager
train,2,7,P0,42,CLEAN,0,a32d6baf771758e323b61f89675f878b79e18230d04e575368e92314febe5c0d,318d0abc13024b6a6bf0cce2781a55e11ef8affc4256cce2a50881c63ce329b1,0,182,run_v2_vis_sc5_mlp_bridge.py,B0_BF16_Eager
train,2,8,P0,42,CLEAN,0,9cad9737bf8694d97d36d1a3ea1e8494cdb583e6a2fc09c19b66dc39830937dd,f38465fb128342eaee425efef04d7ea57e06df42b13fda4e5376d2d74d2127cb,0,146,run_v2_vis_sc5_mlp_bridge.py,B0_BF16_Eager
train,2,9,P0,42,CLEAN,0,e26b37c796f428917af61efe2b9a23ad8c5c944145d2e4fd8fea8e642bfebff9,129b82713f887a3cbf85da2a0f70db2167f628d96f4fcc867632f6099e75b8a4,0,174,run_v2_vis_sc5_mlp_bridge.py,B0_BF16_Eager
train,3,10,P0,42,CLEAN,0,62beaaaac64781e242c76f666feda3a38972bae856bb25e140ea9d2f26df27b6,8c0d4a296567dacc9af0b8d055b1dad2106164e78e247d4cc1b107828addd55e,0,120,run_v2_vis_sc5_mlp_bridge.py,B0_BF16_Eager
train,3,11,P0,42,CLEAN,0,cd75197354aefe7e0b0a7272ad4c589f1ef6b6e87fd03bb29c785c16510c19cf,6d50aa863d18145c1ae2dec7c59469bea84d33e944d294733255a8c27cd8bf3c,0,259,run_v2_vis_sc5_mlp_bridge.py,B0_BF16_Eager
train,3,12,P0,42,CLEAN,0,359a6e8e5abcabe7568bbff57d56075854b6fbf4fa279ae0e357df982df32ba2,9ca971472621c062ee4a1b39b58a08d5db72ed4675044507a18ebf80b1886c10,0,400,run_v2_vis_sc5_mlp_bridge.py,B0_BF16_Eager
train,3,13,P0,42,CLEAN,0,bf23a8f82ae0621141772479f38d78cfd06f9756e37885b66d7a80080605905a,6ab4db85f415de5f7f56e87c15aa5ac346ba2e2e49c84f1207338b45dc3ea979,0,180,run_v2_vis_sc5_mlp_bridge.py,B0_BF16_Eager
train,3,14,P0,42,CLEAN,0,29c3c0b75e90885d1b6d1602c14d45112486a55e877713f4a40bea9907f85baa,39823c817ef0617f92a12018e745cb52db0f5bcdcd97dce2c6dd88b330b97621,0,400,run_v2_vis_sc5_mlp_bridge.py,B0_BF16_Eager
train,3,15,P0,42,CLEAN,0,3e8d44c7252ffc9692b3e3b9a78e08cf50aebe3c14eadc25aadc61de7e95fbc4,d9a8d4287b91fb14e40657937571f9930b0ab8593b2d81f0b4b39f9fe09f3b01,0,139,run_v2_vis_sc5_mlp_bridge.py,B0_BF16_Eager
train,3,16,P0,42,CLEAN,0,7ad40a983c5f390d51452499bd5f0d39c6ce3c710d76d233d0cdff1101e9370f,01b570384436195b20496af17fb1e6188b6112e7dd314682ebe723addfd2db95,0,242,run_v2_vis_sc5_mlp_bridge.py,B0_BF16_Eager
train,3,17,P0,42,CLEAN,0,0a60c0d70c249a0947effb365a57238baf4c72508ecd468d7372760a39b52f9c,51486b4c54191e4ac6b660c3cb62decaf415613f80799d96c2a34f4518fc8822,0,400,run_v2_vis_sc5_mlp_bridge.py,B0_BF16_Eager
train,3,18,P0,42,CLEAN,0,5bdf55cd3367ceb8f42f51a5f276b348475eb5ce5176fb6c2e13197b83173864,1e35a984741834132cc4b8e344bde1f06b84c0c1d0a5b6010c1eb0dfde57a3fa,0,400,run_v2_vis_sc5_mlp_bridge.py,B0_BF16_Eager
train,3,19,P0,42,CLEAN,0,9e50a453e63db34c9d970142351c26fcfa399caa61bb56f4dafbb81ee3f7b273,40784847d1b4b6036ad4a76718787f695661d3108a4761e27715a04aa325edf4,0,400,run_v2_vis_sc5_mlp_bridge.py,B0_BF16_Eager
train,3,20,P0,42,CLEAN,0,5cbb63c1c0f231441e7aa8e7a28791f44418a5cd61e833945b6f55ba1c7c6457,4a84574b0a1e1e532e4e25c37e4e5f2d20829162618bed3bbcbee77caf8f59b5,0,400,run_v2_vis_sc5_mlp_bridge.py,B0_BF16_Eager
train,3,21,P0,42,CLEAN,0,01fe2373f7e1c218df1677fad67c3e42897291a5f7ce23f899bb77d32db5fcca,2ebaaa7aa6b0d4da6981d262311f6703e497effbb2ab081421d963922044b142,0,400,run_v2_vis_sc5_mlp_bridge.py,B0_BF16_Eager
train,3,22,P0,42,CLEAN,0,84f0ce7d16919b7015306352eacb895b8ce6e52e3da6107a4f94c74548efb90b,b5da37284808ba49322089a5a96a3d5a7cc238909d159dd4effd34153bd91222,0,122,run_v2_vis_sc5_mlp_bridge.py,B0_BF16_Eager
train,3,3,P0,42,CLEAN,0,1e7cd0d44b3c0e8d77ac0d5e0270ba244570d717a8bcd980cd67272f793b18e5,c21a966b78198b8ba45af6f7cce609b88e4733f4f45d225af0958592e1e2e8a5,0,400,run_v2_vis_sc5_mlp_bridge.py,B0_BF16_Eager
train,3,4,P0,42,CLEAN,0,18a1fb6eaf02163f9ce2c613cd9b31798373614c2c9a93d2f5fc764454e686b3,09ef85a7c70be76a3282c54f01fc6b6a9d3925b71d155f6184989e3ad57d806a,0,400,run_v2_vis_sc5_mlp_bridge.py,B0_BF16_Eager
train,3,5,P0,42,CLEAN,0,3bf59d4f67b9b5577cd6e3a3573f77c27e19e7d43bcbb0ba19f9d6c06cba5591,d817b1372b9c0566a730e17bde92a22276000044361c87065db1d11f8e3ccdf9,0,400,run_v2_vis_sc5_mlp_bridge.py,B0_BF16_Eager
train,3,6,P0,42,CLEAN,0,21fb53409ec9c4740169f8e1499c97030c6a2fba7678d9b960be451456894748,9da090839cf8de8baf462d8ab8b2ad5fb09b2dad560d88557e1adad590760be7,0,400,run_v2_vis_sc5_mlp_bridge.py,B0_BF16_Eager
train,3,7,P0,42,CLEAN,0,0535a211daf66b35dfb7b9b73018c3dba846e774169deb50cb0ac2bcbfb53675,e9b20b672237db180b70e973e7425da83c2695296f8ed2c39e5e2258eb6f5429,0,400,run_v2_vis_sc5_mlp_bridge.py,B0_BF16_Eager
train,3,8,P0,42,CLEAN,0,0922ad06bad9b72152c6cd1f1cdd30e93c46a1c2b83e8bcecfe07b705130a185,51640fa6ddcef0361e7347ffd1de8f5ad5ba253cb60c1f5e8cfb550ffaddd43e,0,400,run_v2_vis_sc5_mlp_bridge.py,B0_BF16_Eager
train,3,9,P0,42,CLEAN,0,cba4011b99021caf0b4cd656233f413b02a87b032e194eccc5f4eb3153cc0351,a58122e5b07d0b3318b05847d9752f339bdcce5640c981850cedc0ac7306a808,0,400,run_v2_vis_sc5_mlp_bridge.py,B0_BF16_Eager
train,4,10,P0,42,CLEAN,0,133ba3237c13e2fd8c839a5c80e32578e7502cc4373adbb4de335ce1bef9f7c0,9c572b8179d1c72d8286d817bac6aa3164060ade4a27262bd873658ca89f4fbb,0,144,run_v2_vis_sc5_mlp_bridge.py,B0_BF16_Eager
train,4,11,P0,42,CLEAN,0,2de38bdebcb47920176e96bbdc4ad4db3c1518afc068b372beef1f336af94798,9e8210335686f4c694e5f1b19abd25aad61c38454fe778a6a5f7b0f08c0f2189,0,132,run_v2_vis_sc5_mlp_bridge.py,B0_BF16_Eager
train,4,12,P0,42,CLEAN,0,50834a5d6100f336d10c38bc44dc1dfa20715b66132f6f23f1e998a65ff3439f,ed3689a4a243d65b66207331f17f758510d769041e6cbf87fe75bc4b656028f6,0,131,run_v2_vis_sc5_mlp_bridge.py,B0_BF16_Eager
train,4,13,P0,42,CLEAN,0,a8b5c0662525a48f5caa8ad2d178df7720098803119479cbcbf688cb3d44f0ec,09ad13eb36b7c2053d545d00e5981fcc2ca66260fb06d84c13279d99d0c54632,0,151,run_v2_vis_sc5_mlp_bridge.py,B0_BF16_Eager
train,4,14,P0,42,CLEAN,0,db310fb17dad086ca6f6ff2fce4caf9f1d601a4e2af155ffe9377c63555c4d80,99a1d70ce97842801d05b9cfbd589e584451b0e0b8eeb4e2d1fb1c657ee5c4d7,0,160,run_v2_vis_sc5_mlp_bridge.py,B0_BF16_Eager
train,4,15,P0,42,CLEAN,0,71baf3afb52eb18a446c34ded01b880e2a0f61a6085d0346129fe1f889034f7f,c087b9dcd994dd85b5fe3f7f3d3126124f4b0446998610a05167d4e9f46310bf,0,154,run_v2_vis_sc5_mlp_bridge.py,B0_BF16_Eager
train,4,16,P0,42,CLEAN,0,20b24922664c821846f543ec7ee80c33aad4cee169163812147fa0b69980a236,05bd92c725d4ad8f8319df74b42c9bf53382dd475c47cf1fd036242ee4a84281,0,179,run_v2_vis_sc5_mlp_bridge.py,B0_BF16_Eager
train,4,17,P0,42,CLEAN,0,9b67b3997d58d203e8ed4a2660f1cf1cc18e4ef793933016bf701b674a2d7acc,4a5a4ac998a10fa50ac6a531c9dd6b3fac5864b985059f84763dd944dcebdf03,0,146,run_v2_vis_sc5_mlp_bridge.py,B0_BF16_Eager
train,4,18,P0,42,CLEAN,0,61246e8e231d16bc2bf4f1d6d8cf37247b876cbbad7734517ca12ab255f0568b,406a32137bcb853ddd4d5999543b613f06f733729f743442719010ed194d8454,0,147,run_v2_vis_sc5_mlp_bridge.py,B0_BF16_Eager
train,4,19,P0,42,CLEAN,0,9555c0eaa5fe1e38bd4e7af3e0909fdd86d06f799a228092207eb661ee4269eb,d83876b5a55c17e26e8523161446bc5f482eeac23e9cac8eba5395c3adb194e7,0,155,run_v2_vis_sc5_mlp_bridge.py,B0_BF16_Eager
train,4,20,P0,42,CLEAN,0,3a67cfefe9a8489374b2c515f8ab19bf6ce791f97694f4d809c09e02ffbdc63e,3f63937170d09322942660866c10f32bae4841dc41c20895d15e76645a715e0c,0,132,run_v2_vis_sc5_mlp_bridge.py,B0_BF16_Eager
train,4,21,P0,42,CLEAN,0,aeaff40ca0aad110d61f4bb1af356e35590d35f6c703d59777cf4a00b07be0a4,f7d252cc33315d7483d527932fca0221e112b9b0187fdd048cc07b17c334970f,0,148,run_v2_vis_sc5_mlp_bridge.py,B0_BF16_Eager
train,4,22,P0,42,CLEAN,0,be8dbdfceff04a10219175d490aa47f7fc1e77beb2e7895bfc34ab18494beed8,abcf4943904af055f897cbda1917fe1ddc7055d66d22169a9c9d9118457bf0eb,0,135,run_v2_vis_sc5_mlp_bridge.py,B0_BF16_Eager
train,4,3,P0,42,CLEAN,0,09290a38237b6c61edb8dd234802ad796554114dad5f4eb987f08cb1f4082bab,44a591316d169954dd8c010d2f21ce007b70866034da4ae474e150d6998fae3e,0,146,run_v2_vis_sc5_mlp_bridge.py,B0_BF16_Eager
train,4,4,P0,42,CLEAN,0,5170fc084ed5e93db4ca7281a1ff9b7e08db91acf49f513b844ede773534037b,298b00bff531410b0c99c098187010c488c211074b0d8e6165a68239230bf17e,0,221,run_v2_vis_sc5_mlp_bridge.py,B0_BF16_Eager
train,4,5,P0,42,CLEAN,0,d6ad268dbcc780f385d8b1088e714f4d5d479bd9d75b1f66162be05b84869f78,46eada7c0fe9a5aed85db55db8fadf2ca57d07d687be4013e2943a075498c35e,0,140,run_v2_vis_sc5_mlp_bridge.py,B0_BF16_Eager
train,4,6,P0,42,CLEAN,0,138a3569d992213f564f6794dbbc41aa1756fbb241a82e51f566b3a1ba1f4ed3,be95e1fed2d79c6abb4a2710eb2a3a3d57c44ac954b52b09e02b34c773e819dc,0,216,run_v2_vis_sc5_mlp_bridge.py,B0_BF16_Eager
train,4,7,P0,42,CLEAN,0,d39b25d383e1bb13e0ab7a1e573c58cae72b35098153706c55e43d23c847754a,8bbd84b6ea55f3ac0aa24f6acab3b924fb7202418d4505c0572b555d6d47dd89,0,153,run_v2_vis_sc5_mlp_bridge.py,B0_BF16_Eager
train,4,8,P0,42,CLEAN,0,b334250d814bebc2b14db27bddcc1dafec172fc3e649bee386d35634d05368bb,2753d3b33fe16e875ed574e336f097b9498bc0697632ba0eadceba01c0fee0bf,0,136,run_v2_vis_sc5_mlp_bridge.py,B0_BF16_Eager
train,4,9,P0,42,CLEAN,0,b94bce6b751e76dd44bcdf92f0e6ea0c46b1d317ad5e4d319352df70f33071d5,0ded3c885120aebac456f2562b66c0ae65864cabbd8eab8875da8dc118bb6331,0,150,run_v2_vis_sc5_mlp_bridge.py,B0_BF16_Eager
train,5,10,P0,42,CLEAN,0,4053d64f58ef68d2608dbea14d3dfa03692a96d3bb9b10343085af0457bac689,095ff4fda9a5ed74710b7ff12d9c6bcc0df41189dbcdc41e72ebf83500c1017b,0,144,run_v2_vis_sc5_mlp_bridge.py,B0_BF16_Eager
train,5,11,P0,42,CLEAN,0,067af9158be2749f4ea4a47759f69ce552b9954b6b2d8e4ef3a6b24f0a316572,764c817fb50f956adcd66d331d0440798259c0dfbcbda66f487d42afc223258c,0,400,run_v2_vis_sc5_mlp_bridge.py,B0_BF16_Eager
train,5,12,P0,42,CLEAN,0,99bca6e60bfb4a8ef4114dbe2d60ccd933560d869a33deecbe65220750ae15b3,27d79e45860c0f952edb836d09ea28dc5a69cd94e2403554900a0ed6ce4caeb5,0,163,run_v2_vis_sc5_mlp_bridge.py,B0_BF16_Eager
train,5,13,P0,42,CLEAN,0,953c76e6b5e8a349733d9b5fe79c785c3e5f9b4843f2e79b538d41a8ae54a957,310addb50c3a18ad0d6df737c21304ad151a499b5a0419211cbb62cdd6ecfd71,0,149,run_v2_vis_sc5_mlp_bridge.py,B0_BF16_Eager
train,5,14,P0,42,CLEAN,0,5565584210fdd8c4e30df824f09a577405fb882160eefbb5b7f9630b9f49eba2,50ef81ddae11b4a2c60514bdc6f7887c4242666cf47a0ade244a19e76458c9ed,0,210,run_v2_vis_sc5_mlp_bridge.py,B0_BF16_Eager
train,5,15,P0,42,CLEAN,0,6ffcc4488405a7daf4b614ab11dfb0bf4e8e652de8f53df4f79c48060e7559a1,bd5c070d814163a6d50a77e215fcf71bae77ccab9858f7a6258df6508d4611cd,0,162,run_v2_vis_sc5_mlp_bridge.py,B0_BF16_Eager
train,5,16,P0,42,CLEAN,0,262995cc4ade3999c665099194f0fa5247a1183a7eacfdd4bedf5738153d471e,079c613cee36a9f3df021f940b4a98c2374f69b2fc27a065fede9ae699f8b647,0,204,run_v2_vis_sc5_mlp_bridge.py,B0_BF16_Eager
train,5,17,P0,42,CLEAN,0,8128691c7230b252bcb9b23b93e834ffc54b21ae215b6fe7a28bbfc1d830ffff,51486b4c54191e4ac6b660c3cb62decaf415613f80799d96c2a34f4518fc8822,0,400,run_v2_vis_sc5_mlp_bridge.py,B0_BF16_Eager
train,5,18,P0,42,CLEAN,0,6c92d99adec550a165d65db936064a65aa7e9716d2f3e2193936306a4f80c3ac,8204f6b68132dc8cffdb582d7949ac75385f9d9d372d36907525ff5a3b81fce1,0,153,run_v2_vis_sc5_mlp_bridge.py,B0_BF16_Eager
train,5,19,P0,42,CLEAN,0,0a43f5235015958a76dccce38bd7ed0ab3d4b21356dd157cefa677d87fe31bbd,ba03a0a13c3f5e2e7c93e29705e5c00cbe227a4ce93c643b2cdb1805f76e70e0,0,126,run_v2_vis_sc5_mlp_bridge.py,B0_BF16_Eager
train,5,20,P0,42,CLEAN,0,e77252ffa56c12d9a5a1d5f2a7e7665e17f6be6ca63cbe68bd46c09044547aac,f5f02fea6dbfc9b61197ad4a451ad1dce60be590a048207bc72723b36b8baa70,0,134,run_v2_vis_sc5_mlp_bridge.py,B0_BF16_Eager
train,5,21,P0,42,CLEAN,0,39ca319551ae44599d1dc3bcc1944e6958af5e702d805c4b995a27041ef69d9d,6c7b3a3e33b78f008c9977bb5094e599d25017a6f638099f18c95b7689c8f419,0,141,run_v2_vis_sc5_mlp_bridge.py,B0_BF16_Eager
train,5,22,P0,42,CLEAN,0,5250a2d5fb8b887912f6330849f2fbe9d69cb966064e3db8b509d922162d9b12,9da71a9c98d5ba1d957f125a1e371d771014eb212682690270da2aa32131a520,0,400,run_v2_vis_sc5_mlp_bridge.py,B0_BF16_Eager
train,5,3,P0,42,CLEAN,0,86af0dbbbcdf06859a4cc8911e27ee1f68199f3ba1d9fa722fd8e3d699df7adb,c4bdf6ab749afe84c2dd8b0829bb082e468106ce40cfc5a9c5d5282f788516c0,0,156,run_v2_vis_sc5_mlp_bridge.py,B0_BF16_Eager
train,5,4,P0,42,CLEAN,0,494fd12e42955834c2ba13a0af7d085d7e90c673df48b821c6dd4c5e8d8a7f00,73ba1c7ed863ae8f3d80a8b31db064db4d5471fc3ac76fdeeb943a3514ac492f,0,162,run_v2_vis_sc5_mlp_bridge.py,B0_BF16_Eager
train,5,5,P0,42,CLEAN,0,5e83452b7bf96a7ab09788a27025b161c6c60a43574ea1a8f9f3ddb5f1c5787c,90bdff87ddc54bb3d17aef036d89eda14913d977204b28d620c2225f20f112b2,0,171,run_v2_vis_sc5_mlp_bridge.py,B0_BF16_Eager
train,5,6,P0,42,CLEAN,0,527166e905a5b374a058d375f9a15ae6706a677d2f6bc3ff9be5931cc7bc0f67,1ef80be78006e9f9ee4346a50fe02926d7becbb6a1f67af717cf22b601902d42,0,127,run_v2_vis_sc5_mlp_bridge.py,B0_BF16_Eager
train,5,7,P0,42,CLEAN,0,a5d85c92a0e77c5c9d5ec23705c1c3e77f9150f10e01672364c881a826404511,804bd9af58307dd7493eac0fe42fe8a9fc36b1ce5698b41ec72c54e35e2822a3,0,400,run_v2_vis_sc5_mlp_bridge.py,B0_BF16_Eager
train,5,8,P0,42,CLEAN,0,b3b918d983dca8463da7c9cc7d55a5000f0aa6e570b33f93e12f8141b698e893,674a462b554480761159678c859e735151b4fcf62c2d7b385d4c16e4b82628fe,0,121,run_v2_vis_sc5_mlp_bridge.py,B0_BF16_Eager
train,5,9,P0,42,CLEAN,0,ac3264c86a108109e228355ff7135b1b3eaea4fe17e833d9b8f5485b95e5bda9,55ff7ba13320c27ffd1d5b3d54c0c5524d9f49768cd70b76332f9b8ec0cb8792,0,167,run_v2_vis_sc5_mlp_bridge.py,B0_BF16_Eager
train,6,10,P0,42,CLEAN,0,f34af4441d2d3370c79b6a2547fb5aa29a6942294e1a25de52a7b6b3970be61e,11b42780cf917661eda4fc317ba887a7ae51aed2952e901c802c3e8162bcc148,0,184,run_v2_vis_sc5_mlp_bridge.py,B0_BF16_Eager
train,6,11,P0,42,CLEAN,0,f470e1ca77d8d8ebb11899b5ed56a50f54df38ea0df5a663023bf69a96bdffa0,823c223841cad79324445e28acc6a62c91cfaf61288c2e820d27144f61e480cf,0,158,run_v2_vis_sc5_mlp_bridge.py,B0_BF16_Eager
train,6,12,P0,42,CLEAN,0,9ef9a8e817477b16198178513b7db0fdfdb408dd46fe21e07813da00867d4dc8,e3454668c4f2276c345b97ba576bd33e54bf1db27fdd206c0298eba80f60aac4,0,147,run_v2_vis_sc5_mlp_bridge.py,B0_BF16_Eager
train,6,13,P0,42,CLEAN,0,8fabe4563139801c3577236ff886a07e6053631661b90b782a6bc67107cfa8c0,7f40196fecc8e3188c43c144ade2a4d5183185ac8da40b53ca687740cd55f1c3,0,138,run_v2_vis_sc5_mlp_bridge.py,B0_BF16_Eager
train,6,14,P0,42,CLEAN,0,778227da66c654e4657e6d86217bb5967beb792c91dd14baa80b77bcadcb5bf3,4a73a6294c3fe599c3f1205269d8c1449ceeaaf13a2b3affea8cf49c7d612e4b,0,137,run_v2_vis_sc5_mlp_bridge.py,B0_BF16_Eager
train,6,15,P0,42,CLEAN,0,4f0eb88ab9c65a69c32fe6ac6aca7ded3b8f78bf725e04c0b54616ff4d91ba06,b98765b9df786219334f6bc9e6f3bc7875141025389a8d80651f46497a8b52ae,0,152,run_v2_vis_sc5_mlp_bridge.py,B0_BF16_Eager
train,6,16,P0,42,CLEAN,0,b101a7cd1876d26eae16818ec51cdbe86b061a29d08d90c715c240f8125008b8,38d49cef68b10fd874a497f832dbd581e52e23e1d49d68cfa30968b8b7449e4a,0,400,run_v2_vis_sc5_mlp_bridge.py,B0_BF16_Eager
train,6,17,P0,42,CLEAN,0,ce75733988740f8f78601a29355feb2c82a9ed4b512dfa43072b258456fc5d55,c093d3db9d2f06ec69c5afeb01e2b3981eb9086229182fd2da8cf5391ce23c6b,0,400,run_v2_vis_sc5_mlp_bridge.py,B0_BF16_Eager
train,6,18,P0,42,CLEAN,0,3dba0cf9a6911dddfdcb008448c0b663e12f68227807361eb7447746e7d01598,8f4d61b3a9b3429f8f015165b472d88c625f5df02d08f3006b470c6694218584,0,400,run_v2_vis_sc5_mlp_bridge.py,B0_BF16_Eager
train,6,19,P0,42,CLEAN,0,3ae7476493dcad03121ef48239fafc21718270a4af83919ead592958439b6b3c,936f90f65ac1a53b4d1248da93b9629800dec658aa3cd3097c523dfaa319a980,0,170,run_v2_vis_sc5_mlp_bridge.py,B0_BF16_Eager
train,6,20,P0,42,CLEAN,0,b7e8d2f48f107821b7a4c8cc888fd96926650cdb0c26c0fa1aabff68db3fe913,3e3a87fe36daf898e87536dc5d719b9c5602637f3fbf2aeb34dd36c1783ebd15,0,400,run_v2_vis_sc5_mlp_bridge.py,B0_BF16_Eager
train,6,21,P0,42,CLEAN,0,bac1eb20920ad3ba5f73392e37b3f4a9ef58e046d46e865808edb0681ec65071,ce03fc5dac0d50df86cfebf1f014d213d8d6e7586c329ea3d3174d8f1ef7f6f2,0,160,run_v2_vis_sc5_mlp_bridge.py,B0_BF16_Eager
train,6,22,P0,42,CLEAN,0,b714969a989860328ca21bd28f9b4d7962cf4d689a9fe9fef94986b8a76961e2,d3147d2c7c2535f91220510221a7d0b7670699ba8f9efe1d449c258158b78b56,0,139,run_v2_vis_sc5_mlp_bridge.py,B0_BF16_Eager
train,6,3,P0,42,CLEAN,0,ecbb7148b5a3d3b4a359f8278b539f7ec6ad63efc74f82cb241de44842a1fe1d,c05307edd22ec41533bbbddd2fcd42b913623f1e68bf101b58dfd422aa0dfedb,0,179,run_v2_vis_sc5_mlp_bridge.py,B0_BF16_Eager
train,6,4,P0,42,CLEAN,0,5bdb564e108d768a045dd0278b9873bbf9d08afb85e6a4d84c1578386c46f2f8,09ef85a7c70be76a3282c54f01fc6b6a9d3925b71d155f6184989e3ad57d806a,0,400,run_v2_vis_sc5_mlp_bridge.py,B0_BF16_Eager
train,6,5,P0,42,CLEAN,0,f9b0b56e2c7eb990dec73f012e50fdee68d78fc54c5396c3cce8baa0ef53bed4,6e2a17ae03a7aa55aa88e9da188ade2da9ecc7ff0f216ea811da52f79692ef9c,0,173,run_v2_vis_sc5_mlp_bridge.py,B0_BF16_Eager
train,6,6,P0,42,CLEAN,0,d60219954da45e0982f0ed3d65b71504aa69db00a4e4442b5eedf1af931e8bf2,49245f5fcc7681acf3c0308194724228c3b997792c3d5f8a707ac794e1478857,0,142,run_v2_vis_sc5_mlp_bridge.py,B0_BF16_Eager
train,6,7,P0,42,CLEAN,0,1e346b38fb45652db8701ea6f3d8d21d97a86e0e084d672ddda92149ee480164,9489975995477eac566ca0c1dbc1727c98305004354f5fae619445d5f729d651,0,149,run_v2_vis_sc5_mlp_bridge.py,B0_BF16_Eager
train,6,8,P0,42,CLEAN,0,6370f52b1896a31b13e0edaeebd7656c0dce61fbe7fa5aa8ef0f4d7ef594b816,53e8346c6996d8b64a11c1873a7f3ec594e3dfda45285b8c30f19c6e518d0a16,0,152,run_v2_vis_sc5_mlp_bridge.py,B0_BF16_Eager
train,6,9,P0,42,CLEAN,0,f90a34bd7e33aa2effe35ee082f9fc6b0d7f5f6628ec8cd1afda0f27f0f6a486,e6efc7c13aad997db7d00e730e6361228364711f448a8c75214e1dac4fec2f82,0,400,run_v2_vis_sc5_mlp_bridge.py,B0_BF16_Eager
train,7,10,P0,42,CLEAN,0,b99eb0c7d013962ddb5e26883037e4b7d539267576c713c7f1f9b103085d4e0c,67570b2d213d5e4f8ff004df6306e54cef75930169f2eb7bb053432d7d981371,0,400,run_v2_vis_sc5_mlp_bridge.py,B0_BF16_Eager
train,7,11,P0,42,CLEAN,0,86690f6b951573a7700fff8dc9a30e89daa34ced686266ceaf76c1e5e16b6e3e,8426905087c9c38e17c6432917debe3ff20db20ba2e1f990990db2853f9c4fdf,0,122,run_v2_vis_sc5_mlp_bridge.py,B0_BF16_Eager
train,7,12,P0,42,CLEAN,0,6024a4d68449ea0e82bee539b8e9773df31a13a5944929e47f0760481f437130,d5beb221f9d2ee13c999fbfe2e9394361b14540bd8a14aeedc672ff07f833791,0,131,run_v2_vis_sc5_mlp_bridge.py,B0_BF16_Eager
train,7,13,P0,42,CLEAN,0,18f9c0ab6f32792110ed356b83543bfa64337742a7cfaa479e136e3e158d72ce,53a5f8b1cade089fc4be2f2b4e286b81d7ce2d7ce312cd20a0053e2a176f4b44,0,400,run_v2_vis_sc5_mlp_bridge.py,B0_BF16_Eager
train,7,14,P0,42,CLEAN,0,4f1a70f5d66ec4de76a69e751981044a9839052c0d27520fc1fc8cd4692e0a06,578bea8a60387247434dc7cab5ad6ef4a0df3c8ea30a9b8aba59410751b5e93d,0,400,run_v2_vis_sc5_mlp_bridge.py,B0_BF16_Eager
train,7,15,P0,42,CLEAN,0,6179afc27dbdb63717bb2ca9f717521d56fb89201c8dc1ecc81c1ffba7d60297,543d68c55e5b37838fe82560a7f517949d4623afaad5281912c52c3cda777563,0,113,run_v2_vis_sc5_mlp_bridge.py,B0_BF16_Eager
train,7,16,P0,42,CLEAN,0,0fd9c1de693521cab2f8286a4eda6030eedbba8344d6ef0336e2c8119ad39e3d,a171f730e3af4e62a462dbc527e2086f70df54cc76e6c69876babd0d7f1e877f,0,160,run_v2_vis_sc5_mlp_bridge.py,B0_BF16_Eager
train,7,17,P0,42,CLEAN,0,e3522c5f0c51fb859784f830ff808debbd0afe7bc11b2943832a65e908d0241a,bf927cc991574aea6bd68b7cbd6c77b3acc57fc917c39193e31b6826d11b520a,0,136,run_v2_vis_sc5_mlp_bridge.py,B0_BF16_Eager
train,7,18,P0,42,CLEAN,0,4e493ce0f16a617d806209f5a5d744d81db9f29a1c39dc0f0274ddf6464e1bb0,c7edc19416c6c75d4242d825e11e466c68c87b26a34b9191407fe590ccdf63db,0,135,run_v2_vis_sc5_mlp_bridge.py,B0_BF16_Eager
train,7,19,P0,42,CLEAN,0,75ef3a1fb30e2d55ad5231b4b39b0ea7414fccfd18f7d78a0fac6fe9777466e2,7f9e23669f1df1410de71da09206a5944f95df32eb3cde68fbe03f99b8dfa1a6,0,130,run_v2_vis_sc5_mlp_bridge.py,B0_BF16_Eager
train,7,20,P0,42,CLEAN,0,190cc8c17b3af7f006257a7446c62ef5346fcb443d67f88d6a253fb1b94bf89e,1e1358ef6e842d3d81abec1123c521bec06e9c264d00b6fffb876c29f32f7fa7,0,123,run_v2_vis_sc5_mlp_bridge.py,B0_BF16_Eager
train,7,21,P0,42,CLEAN,0,1ab548f3cb63d9df55a4ac205a2e65ee2a7f14089088ab766999ecdb0141cd83,252da30098d84a50988ed3126fe67754f214a82f854f58a6867856e6c44daff4,0,137,run_v2_vis_sc5_mlp_bridge.py,B0_BF16_Eager
train,7,22,P0,42,CLEAN,0,5f8e8032b9c1d7c28ab97a85d0cb7373f9d09b0b80f8d9c076d09cc8abe3052c,282aac1791ef36102adb38977699e918b0c578feac51d18ab7caae2ad5f9c367,0,126,run_v2_vis_sc5_mlp_bridge.py,B0_BF16_Eager
train,7,3,P0,42,CLEAN,0,68c47cd26e2efeb4ef48b7c9d093cd26cd8ea079cad0ebcb7ff5942b02054dd0,a46b42bf89b87eb59da5895a872c8d960014ccb713d06d57830ba7968a5af7a9,0,134,run_v2_vis_sc5_mlp_bridge.py,B0_BF16_Eager
train,7,4,P0,42,CLEAN,0,578ce1cb7667714bef4c93a4dec52d5c8b6b4ee272aff69744a94e8664af11fc,c7b71a7d4a1092f352f72251d21fc8f537c7b181d9c398e8e6d6dc7ea2b75771,0,123,run_v2_vis_sc5_mlp_bridge.py,B0_BF16_Eager
train,7,5,P0,42,CLEAN,0,38f331096b9104405821c37e99b0957972c267690d3a8ed89cb9d9d281cd8a94,8848882ececd50b61a7dbade4823045c248ce3714a5212b541707bc42fbfab4d,0,153,run_v2_vis_sc5_mlp_bridge.py,B0_BF16_Eager
train,7,6,P0,42,CLEAN,0,ee464efd1b1903ac110a060211c1d3c2108ee4894e098e73a97e593a2b2dbec2,74fd64303a57fa132ebdd1d8baa29ff876d7cb0dc895450d6a6fae877ff59871,0,170,run_v2_vis_sc5_mlp_bridge.py,B0_BF16_Eager
train,7,7,P0,42,CLEAN,0,67cc1e3dd3ab4ae74cf692f5de37822340c5738174c1ec2c4672b3877b16326f,3097fedbc03ceb03ca7ada804b966e72e0291c69dd068fac1fbf0d88346d8d89,0,122,run_v2_vis_sc5_mlp_bridge.py,B0_BF16_Eager
train,7,8,P0,42,CLEAN,0,2cda55262ca21cf38cde69153db6d1cec7f31f83c18974b5a431059a7b0fa1ea,6798f193f3e2ae76cd8b0cad166890f1646fd50df1d997f17017346a67b16999,0,400,run_v2_vis_sc5_mlp_bridge.py,B0_BF16_Eager
train,7,9,P0,42,CLEAN,0,2a660d8f5a5aadfe922da33118f1e5a0a68eb640fdd03159794722228e9c1db4,b5b4d0264e7e9dc9e36c47ca657e5ba1266343829a0849d2bf5aac8db44f5383,0,400,run_v2_vis_sc5_mlp_bridge.py,B0_BF16_Eager
train,8,10,P0,42,CLEAN,0,679aaa8b4e453323a501dbff61d24061543019e223c0e836b4e6f767a901d807,0aa9e0c5b83c17948eab4fd3ab86d14e61c4badbbe103cc5569c02ad9aaf0a68,0,183,run_v2_vis_sc5_mlp_bridge.py,B0_BF16_Eager
train,8,11,P0,42,CLEAN,0,3d00a6959e87c1cdd2e2cd10ee4f7f946690a958752f31c96aeeebae02780f32,5300b5313617c52b78fe54f2bc17b408d83ae3eb2a6913774c4737aefd65119c,0,178,run_v2_vis_sc5_mlp_bridge.py,B0_BF16_Eager
train,8,12,P0,42,CLEAN,0,24c7f06ea03e3d27348e2c3b07e46ccdea587f8836e002a87bf1b466d6bc37aa,83d51b4846ee5505b9c90f51a87fa5a90d3575652e94b25ab81ec627d670bba5,0,235,run_v2_vis_sc5_mlp_bridge.py,B0_BF16_Eager
train,8,13,P0,42,CLEAN,0,bafd27f9c6ee2894f27bc9a84ff8c4b34fb7616047b9fe8c5c4c59b63154ceff,bd11cfa4dc3871b66d3eec2c3eb40e799e8cca237d0c3ec64a810a2ed57e79f8,0,400,run_v2_vis_sc5_mlp_bridge.py,B0_BF16_Eager
train,8,14,P0,42,CLEAN,0,f7b5e560978ed43d18ee9ca08a3cea5b03bad10ed43f00d85ddc8f11a5848e3d,f4fb716b2238acea63e2ee94a3698aad2e6d0ae7eb28962b479408d7df0b13b1,0,183,run_v2_vis_sc5_mlp_bridge.py,B0_BF16_Eager
train,8,15,P0,42,CLEAN,0,3ad2d40deebeb24da91b086be05756aa2ffc662673c5b6bfaaf1815cfb81da03,cfc9680e7c688d59571f79b403998f82a9e1c1f19ffd3cc5937cc73a4f72d06d,0,155,run_v2_vis_sc5_mlp_bridge.py,B0_BF16_Eager
train,8,16,P0,42,CLEAN,0,8281fb15c892cc20fb0845ab88dc5b5c01761d7000d3b09b131cd54ab0d107fc,a495d4848f7e60f3500aba37dd65b609f749770a8e79859f4191db2616d596ff,0,147,run_v2_vis_sc5_mlp_bridge.py,B0_BF16_Eager
train,8,17,P0,42,CLEAN,0,02c8250244f6be715ecc7e6d50c53b8b4d87c42b9ad7df2331fe38111ca2bad7,bfc4fc7687271aeb8ec1218527a40e81bf8ba226f4a0ee9ea91b9adb69809de7,0,255,run_v2_vis_sc5_mlp_bridge.py,B0_BF16_Eager
train,8,18,P0,42,CLEAN,0,ff50b0dab164c6f1939fd0b52289c63e3dd308312d31816fa3c3bebf535f91b7,345c5b1ebb3ca991a126293d5e6d70871f5ceec3ab2320712fe04f56326c7f09,0,249,run_v2_vis_sc5_mlp_bridge.py,B0_BF16_Eager
train,8,19,P0,42,CLEAN,0,0f75354c45492c5c477c372389ebff72d6d309a2b66334131b4bdf64a9c330ed,87a6b703557df9fded597b3e61dd09909ddb7292dafa86ae23f4f02a4fa2c19a,0,400,run_v2_vis_sc5_mlp_bridge.py,B0_BF16_Eager
train,8,20,P0,42,CLEAN,0,aad0b2bfece964b79a85e5a2a35c3ef0e5c803278731a314799eb3d5a0f3a200,19467c56ce4642b0e9fca263a05e72f54a63d7466dfbae93c82f9cfd2b5fe4cd,0,217,run_v2_vis_sc5_mlp_bridge.py,B0_BF16_Eager
train,8,21,P0,42,CLEAN,0,4f91b6bc5d6567f85b8eef110348cb45190ca6b06ea922d7cfa59120d638f958,3f1dc7b5893e52db9a3d9f83ef061ed3d7362749cbbf133786436f7dfd773f18,0,155,run_v2_vis_sc5_mlp_bridge.py,B0_BF16_Eager
train,8,22,P0,42,CLEAN,0,83a1c6a2cff82e99a13f146f08c47149344c26d171f4cd1bbdc4e4d1574b56e2,daf792b22c6625468931146212b06705272c1ff643fa8319758615fc5e499a5e,0,144,run_v2_vis_sc5_mlp_bridge.py,B0_BF16_Eager
train,8,3,P0,42,CLEAN,0,4205817f7ae0edf0e47198fb95395dc997e62d03447150a4c370ba543f215e2c,26b1644c405802f4b5614e9dd4169d0232a726b20264efac9a1cc1ca0f78bd33,0,144,run_v2_vis_sc5_mlp_bridge.py,B0_BF16_Eager
train,8,4,P0,42,CLEAN,0,5aff684bf295733b11ade83a1fe51115968ba2a7adad34723fdb182b5150cf14,4419c92fe527d77c8453824d5a3cd695c5cd785af86081169860ac9aab3fab68,0,185,run_v2_vis_sc5_mlp_bridge.py,B0_BF16_Eager
train,8,5,P0,42,CLEAN,0,d1afae0e71decc76cf541c480d5175f2c9ea3db840562719dee50c4f02b699ff,8ec6821571260d149e33722dda5664a1a04786eb6022324d11faaa8302b3a75e,0,154,run_v2_vis_sc5_mlp_bridge.py,B0_BF16_Eager
train,8,6,P0,42,CLEAN,0,90a04c513d5f64fb8b6a62e75c4d8ad91b7476728f0145b0c062552bc4f53df2,531e4ae78880bc4107e43404dd6a8793e8950002683f7eaf27c751e9ccdc54d3,0,162,run_v2_vis_sc5_mlp_bridge.py,B0_BF16_Eager
train,8,7,P0,42,CLEAN,0,ef78026e33f09bf07a86bad09a2d7cc5ad440c2af9bda170d10afa18fa99aa70,8a0ce26117f68a0ee11543f14d123ebc6cf95dd19d0526f783c478be08962e04,0,194,run_v2_vis_sc5_mlp_bridge.py,B0_BF16_Eager
train,8,8,P0,42,CLEAN,0,e87fd3a18948257b2da6c7bdab2ce191048316352efc1aef28ca965fc4912c1a,81305b636aaa5c8d2831efffed6b4560c5aaa14cd56cd2b24afd15bfd15cac6e,0,400,run_v2_vis_sc5_mlp_bridge.py,B0_BF16_Eager
train,8,9,P0,42,CLEAN,0,27cf85f7b9aad52de1b8a510f9fcc7270bad760ec95fa0cb2f523b6751c90d6d,a76ac1ee994a417038060dbcb059f6369b3825c89befd408dd92e1f4352aabcd,0,140,run_v2_vis_sc5_mlp_bridge.py,B0_BF16_Eager
train,9,10,P0,42,CLEAN,0,549cfffb39105c745b78fb5481f8242b3294d55168fd39ba61187f08f9708df2,541a23787e3d3d813da653064d65c1cc082cad208746f8b999323e133009b19f,0,386,run_v2_vis_sc5_mlp_bridge.py,B0_BF16_Eager
train,9,11,P0,42,CLEAN,0,5f1364741caa543bc3a61f46500e309a76719fabc57b811e29563e057c65b349,49945336b0178fe53cc7e57bc45a8773dabbf99b9eba67e3fb8576959487ca8a,0,122,run_v2_vis_sc5_mlp_bridge.py,B0_BF16_Eager
train,9,12,P0,42,CLEAN,0,866ccbbb72506b212335ccbf8bd33a4c73d9b8d74d72c20571aafb6bce4928e5,6252d1d007204d85085595f5cb084cc408934e6c7141002639436147f8665786,0,141,run_v2_vis_sc5_mlp_bridge.py,B0_BF16_Eager
train,9,13,P0,42,CLEAN,0,467fd4fd07636742787349156d9ccc457672ee8ea1de66995358e21a325a853e,ba30d6c3f0bee9d8fa12c20cd183c6e2f977c11c39cb118df3dfe7417369d02d,0,130,run_v2_vis_sc5_mlp_bridge.py,B0_BF16_Eager
train,9,14,P0,42,CLEAN,0,d71cb75f1c099fc4ef4e6906743628fd610dd4120f4c2197aad0905135ad2197,f59085f23d615659bfd76af7c721595c2b73ab410f2c486993a868d9ed5cd061,0,134,run_v2_vis_sc5_mlp_bridge.py,B0_BF16_Eager
train,9,15,P0,42,CLEAN,0,65c74dfb7d0af30ef000f380f9c80a3cf83b4d9cb02225a05f7c41bd61270c26,e6b45277add80b216670ce2c78a504dc9b29655e7b325ef9208c51dd6a67bcbe,0,97,run_v2_vis_sc5_mlp_bridge.py,B0_BF16_Eager
train,9,16,P0,42,CLEAN,0,1004d70aab9e16d3310bf6d873b7722ba0dad8d7f30dd8f619cf9a5c54a2b183,112085af665d4e0c21df1815d39788d9798f7f69302edcb83830607416991e7f,0,143,run_v2_vis_sc5_mlp_bridge.py,B0_BF16_Eager
train,9,17,P0,42,CLEAN,0,679af751f01921f9aff66e3d35d592ae47e56d41598fa1f0cff0794a3d69b699,51486b4c54191e4ac6b660c3cb62decaf415613f80799d96c2a34f4518fc8822,0,400,run_v2_vis_sc5_mlp_bridge.py,B0_BF16_Eager
train,9,18,P0,42,CLEAN,0,c556cdf833b1cf1be7702379bb7080d2e0074bfe4694af5ca6d4ae06ed1ef2f2,1e35a984741834132cc4b8e344bde1f06b84c0c1d0a5b6010c1eb0dfde57a3fa,0,400,run_v2_vis_sc5_mlp_bridge.py,B0_BF16_Eager
train,9,19,P0,42,CLEAN,0,bb9ae446c5504de39e739724dc9c125646f7a2eba2f3f50386ec1e454a00623d,3cc127eef4d7eb209786e64ecf7b6a26552e9c55dc387540c764e2a17ce6f8ec,0,201,run_v2_vis_sc5_mlp_bridge.py,B0_BF16_Eager
train,9,20,P0,42,CLEAN,0,ebcb9e181ffe7508f8bfd84e783f6458a8a09421d21f7130b293ff1bc76dac64,4a84574b0a1e1e532e4e25c37e4e5f2d20829162618bed3bbcbee77caf8f59b5,0,400,run_v2_vis_sc5_mlp_bridge.py,B0_BF16_Eager
train,9,21,P0,42,CLEAN,0,eb90be4cbe5a9cbbc3953857917cd7e61adcd24b2657f70207d842e190f704c0,643492b555e8517947102b9392eb3978fcaf91f6dda70d18c1254964c55b58e4,0,124,run_v2_vis_sc5_mlp_bridge.py,B0_BF16_Eager
train,9,22,P0,42,CLEAN,0,b4d888c635a6609168c63fed5115c4c051c45a240e7bab0b690affd643a29b58,39b3e57e16b0092253fcebd2f0b347bef5be88d63fb891480cb4799acb12b4b8,0,400,run_v2_vis_sc5_mlp_bridge.py,B0_BF16_Eager
train,9,3,P0,42,CLEAN,0,6d8a0d5c4f3f8ff39eb8022e258aae073a322a56b9662c1ddbf8a2bff426c2df,dcba632975924108660fc02dace53fc6f5b2c20f1de585c4dce355265a58ebaf,0,124,run_v2_vis_sc5_mlp_bridge.py,B0_BF16_Eager
train,9,4,P0,42,CLEAN,0,d1a5adf17ea330e3acd698a15f10ad19d9682ffddef8bc03e352336e45fb0e2c,167cddf266d1de1a0730f12bf1462765c8ed4fe78f8ba1eb274e9573be136f39,0,134,run_v2_vis_sc5_mlp_bridge.py,B0_BF16_Eager
train,9,5,P0,42,CLEAN,0,b75de900d685a2ccdee3844c51c06823c4524862ce230b677e1dcb2d67c562bf,4cbf8a7286337f87fe671470cd61d04ecd34176cf7bfe2280bf0ccf7765ade1d,0,400,run_v2_vis_sc5_mlp_bridge.py,B0_BF16_Eager
train,9,6,P0,42,CLEAN,0,7423c989d9af9b6d1ca0ef39d7599fc4e36783dfd752f8bfc3fa0c395d96cb6c,714b1801c28bcb424dde2aea2b52e755bcf17e15374e1537a632038a0f67904a,0,133,run_v2_vis_sc5_mlp_bridge.py,B0_BF16_Eager
train,9,7,P0,42,CLEAN,0,00ec2331302c079471673afa4cb924cd07c1f26c319efe97e60d3d807fe8fbc0,813ed61b1eaaa8bf964e8ce1c497dd657d79e5b57895eb75a49a58f4310dc9f4,0,142,run_v2_vis_sc5_mlp_bridge.py,B0_BF16_Eager
train,9,8,P0,42,CLEAN,0,6f1944e9a7062414792b3a6dc319c6265055de33912b92d872ae227919d1e09f,b38578673f03913f76cef7c321ca4fa7b09184fdab16fde753758e7a6777da9d,0,104,run_v2_vis_sc5_mlp_bridge.py,B0_BF16_Eager
train,9,9,P0,42,CLEAN,0,13a2bcba47b8aabce3fcd33ba487576236e6ee041fe28013df6a189c1d9b80a5,8b3124e9dea9dda73c945b6af617d346a8adbb61d5ffa04499c8721e92a0c224,0,400,run_v2_vis_sc5_mlp_bridge.py,B0_BF16_Eager
