experiment_id,human_readable_name,scientific_role,formal_status,condition,suite,task_ids,state_ids,eval_seeds,perturbation_seeds,planned_count,completed_count,valid_count,failed_count,partial_count,current_process_state,pid_or_job_id,gpu_id,start_time,last_update_time,stop_or_finish_time,repo_path,repo_branch,repo_commit,git_dirty,dirty_files,entry_script,full_command,config_path,config_sha256,manifest_path,manifest_sha256,checkpoint_path,checkpoint_sha256,input_data_root,output_root,log_path,artifact_inventory,artifact_sha256,success_definition,reported_metrics,metric_source,paper_usable,paper_table_target,known_limitations,recommended_action
OBJ-CLEAN,Object CLEAN baseline,primary_formal_evidence,FROZEN_FORMAL_EVIDENCE,CLEAN,LIBERO-Object,ALL,18,3,3,162,162,162,0,0,completed,none,none,unknown,unknown,unknown,/mnt/sdc/dty_user/openvla_attack,feature/sc5-abstention-v2-20260622,ace1876281a9ad6ed68e1229a6e17346356766e9,YES,"attack_adapter.py, run_v2_vis_sc5_mlp_bridge.py, v4_run_eval_openvla.py",unknown,unknown,unknown,unknown,unknown,unknown,unknown,unknown,unknown,/mnt/sdc/dty_user/openvla_attack/evidence/sc5_object_privileged_loto_v1/vis_heldout_formal_v1/CLEAN,unknown,unknown,unknown,162/162 success FR=0.0%,user_claim,YES,Table 1 main,"dirty server code, no command-line provenance, no local copy","RSYNC evidence to local, capture server diff, hash manifests"
OBJ-RAND_T10,Object RAND_T10 baseline,primary_formal_evidence,FROZEN_FORMAL_EVIDENCE,RAND_T10,LIBERO-Object,ALL,18,3,3,162,162,162,0,0,completed,none,none,unknown,unknown,unknown,/mnt/sdc/dty_user/openvla_attack,feature/sc5-abstention-v2-20260622,ace1876281a9ad6ed68e1229a6e17346356766e9,YES,"attack_adapter.py, run_v2_vis_sc5_mlp_bridge.py, v4_run_eval_openvla.py",unknown,unknown,unknown,unknown,unknown,unknown,unknown,unknown,unknown,/mnt/sdc/dty_user/openvla_attack/evidence/sc5_object_privileged_loto_v1/vis_heldout_formal_v1/RAND_T10,unknown,unknown,unknown,162/162 success FR=0.0%,user_claim,YES,Table 1 main,"dirty server code, no command-line provenance","RSYNC evidence to local, capture server diff, hash manifests"
OBJ-RANDOM_TIME_V3,Object RANDOM_TIME_V3,primary_formal_evidence,FROZEN_FORMAL_EVIDENCE,RANDOM_TIME_V3,LIBERO-Object,ALL,18,3,3,162,162,119,0,0,completed,none,none,unknown,unknown,unknown,/mnt/sdc/dty_user/openvla_attack,feature/sc5-abstention-v2-20260622,ace1876281a9ad6ed68e1229a6e17346356766e9,YES,"attack_adapter.py, run_v2_vis_sc5_mlp_bridge.py, v4_run_eval_openvla.py",unknown,unknown,unknown,unknown,unknown,unknown,unknown,unknown,unknown,/mnt/sdc/dty_user/openvla_attack/evidence/sc5_object_privileged_loto_v1/vis_heldout_formal_v1/RANDOM_TIME_V3,unknown,unknown,unknown,119/162 success FR=26.5%,user_claim,YES,Table 1 main,"dirty server code, 43 failed rollouts, no aggregation audit","RSYNC evidence, audit aggregation script, document denominator"
OBJ-EARLY_SHIFT_T10,Object EARLY_SHIFT_T10,primary_formal_evidence,FROZEN_FORMAL_EVIDENCE,EARLY_SHIFT_T10,LIBERO-Object,ALL,18,3,3,141,141,98,0,0,completed,none,none,unknown,unknown,unknown,/mnt/sdc/dty_user/openvla_attack,feature/sc5-abstention-v2-20260622,ace1876281a9ad6ed68e1229a6e17346356766e9,YES,"attack_adapter.py, run_v2_vis_sc5_mlp_bridge.py, v4_run_eval_openvla.py",unknown,unknown,unknown,unknown,unknown,unknown,unknown,unknown,unknown,/mnt/sdc/dty_user/openvla_attack/evidence/sc5_object_privileged_loto_v1/vis_heldout_formal_v1/EARLY_SHIFT_T10,unknown,unknown,unknown,98/141 success FR=30.5%,user_claim,YES,Table 1 main,"emission-matched denominator needs audit, dirty server code","RSYNC evidence, audit emission matching, document denominator"
OBJ-TRUE_T10,Object TRUE_T10 (ITT),primary_formal_evidence,FROZEN_FORMAL_EVIDENCE,TRUE_T10,LIBERO-Object,ALL,18,3,3,162,162,21,0,0,completed,none,none,unknown,unknown,unknown,/mnt/sdc/dty_user/openvla_attack,feature/sc5-abstention-v2-20260622,ace1876281a9ad6ed68e1229a6e17346356766e9,YES,"attack_adapter.py, run_v2_vis_sc5_mlp_bridge.py, v4_run_eval_openvla.py",unknown,unknown,unknown,unknown,unknown,unknown,unknown,unknown,unknown,/mnt/sdc/dty_user/openvla_attack/evidence/sc5_object_privileged_loto_v1/vis_heldout_formal_v1/TRUE_T10,unknown,unknown,unknown,"21/162 ITT FR=87.0%, 0/141 emitted FR=100.0%",user_claim,YES,Table 1 main,"ITT vs emitted denominator, 21 no-emission episodes need documentation","RSYNC evidence, document all 21 no-emission episodes, hash by-denominator"
OBJ-COMMAND_OPEN_ORACLE,Object COMMAND_OPEN_ORACLE,primary_formal_evidence,FROZEN_FORMAL_EVIDENCE,COMMAND_OPEN_ORACLE_T10,LIBERO-Object,ALL,18,3,3,141,141,0,0,0,completed,none,none,unknown,unknown,unknown,/mnt/sdc/dty_user/openvla_attack,feature/sc5-abstention-v2-20260622,ace1876281a9ad6ed68e1229a6e17346356766e9,YES,"attack_adapter.py, run_v2_vis_sc5_mlp_bridge.py, v4_run_eval_openvla.py",unknown,unknown,unknown,unknown,unknown,unknown,unknown,unknown,unknown,/mnt/sdc/dty_user/openvla_attack/evidence/sc5_object_privileged_loto_v1/vis_heldout_formal_v1/COMMAND_OPEN_ORACLE_T10,unknown,unknown,unknown,0/141 success FR=100.0%,user_claim,YES,Table 1 main,"dirty server code, oracle mechanism needs documentation","RSYNC evidence, document oracle injection method"
TMA-STUDENT,TMA Student Timing Attack,exploratory_canary,EXPLORATORY_CANARY,TMA_STUDENT,LIBERO-Object,ALL,18,3,3,162,162,162,8,0,completed,none,ALL,unknown,unknown,2026-07-02T14:30+08,/mnt/sdc/dty_user/table1_sota_execution_v1,copied_dir_not_git,unknown,YES,not_tracked,commands/run_sota_worker.py,unknown,manifests/TMA/,unknown,manifests/TMA/,unknown,unknown,unknown,unknown,unknown,"/mnt/sdc/dty_user/table1_sota_execution_v1/logs/full_tma_student_gpu*.log",unknown,unknown,unknown,"162 COMPLETE, 8 FAILED",log_grep,NO,none,"exploratory canary, not frozen protocol, not from authorized repo","Retain as canary, do not use as paper baseline"
TMA-RT,TMA Random-Time Attack,exploratory_canary,EXPLORATORY_CANARY,TMA_RANDOM_TIME,LIBERO-Object,ALL,18,3,3,162,162,161,9,0,completed,none,ALL,unknown,unknown,2026-07-02T14:30+08,/mnt/sdc/dty_user/table1_sota_execution_v1,copied_dir_not_git,unknown,YES,not_tracked,commands/run_sota_worker.py,unknown,manifests/TMA_RANDOM_TIME/,unknown,manifests/TMA_RANDOM_TIME/,unknown,unknown,unknown,unknown,unknown,"/mnt/sdc/dty_user/table1_sota_execution_v1/logs/full_tma_random_gpu*.log",unknown,unknown,unknown,"161 COMPLETE, formal NOT RUN",log_grep,NO,none,"missing 1 episode, formal validator not run","Retain as canary, fix missing episode if needed for completeness"
UMA,UMA (Unconstrained Maximization Attack),exploratory_canary,INCOMPLETE_PAUSED_NOT_FOR_SCIENTIFIC_USE,UMA_CLEAN,LIBERO-Object,ALL,18,3,3,162,43,0,104,15,interrupted,[503572,503573,503575],"[3,4,6]",2026-07-02T14:30,2026-07-02T14:30,2026-07-02T14:30,/mnt/sdc/dty_user/table1_sota_execution_v1,copied_dir_not_git,unknown,YES,not_tracked,commands/run_sota_worker.py,unknown,manifests/UMA/,unknown,manifests/UMA/,unknown,unknown,unknown,unknown,unknown,"/mnt/sdc/dty_user/table1_sota_execution_v1/logs/full_uma_gpu*.log",unknown,unknown,unknown,"43 COMPLETE, 104 FAILED, 15 incomplete",log_grep,NO,none,"70% failure rate, code errors on 5/8 GPUs, formal validator not run, no outputs persisted","Do NOT recover; archive logs; fix code before any re-run consideration"
SHUFFLED,SHUFFLED Gradient Attack,exploratory_canary,INCOMPLETE_PAUSED_NOT_FOR_SCIENTIFIC_USE,SHUFFLED_CLEAN,LIBERO-Object,ALL,18,3,3,162,16,0,103,43,interrupted,[503572,503573,503575],"[3,4,6]",2026-07-02T14:30,2026-07-02T14:30,2026-07-02T14:30,/mnt/sdc/dty_user/table1_sota_execution_v1,copied_dir_not_git,unknown,YES,not_tracked,commands/run_sota_worker.py,unknown,manifests/SHUFFLED/,unknown,manifests/SHUFFLED/,unknown,unknown,unknown,unknown,unknown,"/mnt/sdc/dty_user/table1_sota_execution_v1/logs/full_shuffled_gpu*.log",unknown,unknown,unknown,"16 COMPLETE, 103 FAILED, 43 incomplete",log_grep,NO,none,"85% failure rate, same code error as UMA, formal validator not run","Do NOT recover; archive logs; fix code before any re-run consideration"
CLEAN2000,CLEAN2000 Cross-Suite Data,training_data_prep,DATA_COLLECTED_NOT_READY_FOR_TRAINING,CLEAN,MULTI,ALL,multi,multi,multi,2000,2000,1043,957,0,completed,none,none,unknown,unknown,unknown,/mnt/sdc/dty_user/openvla_attack,feature/sc5-abstention-v2-20260622,ace1876281a9ad6ed68e1229a6e17346356766e9,YES,"run_sc5_cross_suite_clean.py, v4_run_eval_openvla.py",unknown,unknown,unknown,unknown,unknown,unknown,unknown,unknown,unknown,/mnt/sdc/dty_user/openvla_attack/evidence/CLEAN2000_CANONICAL_V1,unknown,unknown,unknown,1043/2000 primary,manifest_count,NO,none,"52% primary validation rate, missing cross-suite teacher labels","Audit non-primary episodes; complete teacher labeling; do not start training"
LOTO-DETECTOR,LOTO 10-Fold Object Detector,detector_training,EXPLORATORY_CANARY,LOTO,LIBERO-Object,9_folds,18_per_fold,3,3,162,144,144,0,0,completed,none,none,unknown,unknown,unknown,/mnt/sdc/dty_user/openvla_attack,feature/sc5-abstention-v2-20260622,ace1876281a9ad6ed68e1229a6e17346356766e9,YES,unknown,unknown,unknown,unknown,unknown,unknown,unknown,unknown,unknown,/mnt/sdc/dty_user/openvla_attack/evidence/sc5_object_privileged_loto_v1,unknown,unknown,unknown,8/9 folds trained,fold_check,NO,none,"fold 01 not trained, checkpoint SHA only for fold 01","Complete fold 01 training if needed; hash all checkpoints"
CROSS-SUITE-DATA,Cross-Suite Clean Data (Spatial/Goal/10),data_collection,CODE_ONLY_NOT_RUN,CLEAN,MULTI,unknown,unknown,unknown,unknown,0,0,0,0,0,not_run,none,none,unknown,unknown,unknown,/mnt/sdc/dty_user/openvla_attack,feature/sc5-abstention-v2-20260622,ace1876281a9ad6ed68e1229a6e17346356766e9,YES,run_sc5_cross_suite_clean.py,unknown,unknown,unknown,unknown,unknown,unknown,unknown,unknown,unknown,/mnt/sdc/dty_user/openvla_attack/evidence/cross_suite,unknown,unknown,unknown,none,none,NO,none,"collection script is dirty, data directory nearly empty","Audit data collection script; inventory existing cross-suite data"
POOLED-DETECTOR,Pooled (Balanced) Detector,detector_training,CODE_ONLY_NOT_RUN,POOLED,MULTI,unknown,unknown,unknown,unknown,0,0,0,0,0,not_run,none,none,unknown,unknown,unknown,/mnt/sdc/dty_user/openvla_attack,feature/sc5-abstention-v2-20260622,ace1876281a9ad6ed68e1229a6e17346356766e9,YES,unknown,unknown,unknown,unknown,unknown,unknown,unknown,unknown,unknown,/mnt/sdc/dty_user/openvla_attack/evidence/CLEAN2000_TRAINING_RELEASE_V1,unknown,unknown,unknown,none,none,NO,none,"no training run executed, CLEAN2000 data not ready","Complete CLEAN2000 labeling before training"
LOSO-DETECTOR,LOSO Cross-Suite Detector,detector_training,CODE_ONLY_NOT_RUN,LOSO,MULTI,unknown,unknown,unknown,unknown,0,0,0,0,0,not_run,none,none,unknown,unknown,unknown,/mnt/sdc/dty_user/openvla_attack,feature/sc5-abstention-v2-20260622,ace1876281a9ad6ed68e1229a6e17346356766e9,YES,unknown,unknown,unknown,unknown,unknown,unknown,unknown,unknown,unknown,unknown,unknown,unknown,unknown,none,none,NO,none,"no training manifest, no data ready","Do not start; needs CLEAN2000 labeling + split design"
