job_id,pair_id,task,state_id,condition,env_seed,attack_seed,window_start,window_end,window_size,n_total_steps,infra_status,decoded_open_count,longest_streak,qpos_delta,success,valid,is_retry
520077,k5c_cmd_cream,cream_cheese,1,random_linf,1,3,85,95,11,100,ok,4,1,0.014178,0,True,False
520072,k5c_cmd_cream,cream_cheese,1,vis_pgd,1,1,85,95,11,100,ok,3,2,0.015537,0,True,False
520117,k5c_phys_butter,butter,0,random_linf,0,3,135,145,11,150,ok,2,1,0.005294,0,True,False
520006,k5c_rand_butter1,butter,0,vis_pgd,0,3,90,100,11,105,ok,8,4,0.054264,0,True,False
520147,k5c_phys_bbq,bbq_sauce,0,random_linf,0,3,70,80,11,85,ok,0,0,6e-06,0,True,False
520067,k5c_cmd_milk_neg,milk,0,random_linf,0,3,235,245,11,250,ok,0,0,0.001574,0,True,False
520137,k5c_phys_salad,salad_dressing,2,random_linf,2,3,75,85,11,90,ok,11,11,6.2e-05,0,True,False
520098,k5c_cmd_alpha,alphabet_soup,0,vis_pgd,0,4,65,75,11,80,ok,5,2,0.01843,0,True,False
520082,k5c_cmd_salad_neg,salad_dressing,1,vis_pgd,1,1,55,65,11,70,ok,7,3,0.002364,0,True,False
520000,k5c_rand_butter1,butter,0,vis_pgd,0,0,90,100,11,105,ok,10,10,0.071272,0,True,False
520070,k5c_cmd_cream,cream_cheese,1,vis_pgd,1,0,85,95,11,100,ok,3,2,0.015537,0,True,False
520063,k5c_cmd_milk_neg,milk,0,random_linf,0,1,235,245,11,250,ok,0,0,0.001574,0,True,False
520114,k5c_phys_butter,butter,0,vis_pgd,0,2,135,145,11,150,ok,0,0,0.000143,0,True,False
520024,k5c_rand_cream,cream_cheese,2,vis_pgd,2,2,65,75,11,80,ok,3,1,0.006126,0,True,False
520056,k5c_cmd_tomato_early,tomato_sauce,0,vis_pgd,0,3,50,60,11,65,ok,6,5,0.014813,0,True,False
520028,k5c_rand_cream,cream_cheese,2,vis_pgd,2,4,65,75,11,80,ok,4,2,0.010308,0,True,False
520090,k5c_cmd_alpha,alphabet_soup,0,vis_pgd,0,0,65,75,11,80,ok,4,4,0.073064,0,True,True
520102,k5c_cmd_butter,butter,0,vis_pgd,0,1,80,90,11,95,ok,8,7,0.05396,0,True,False
520109,k5c_cmd_butter,butter,0,random_linf,0,4,80,90,11,95,ok,2,1,0.003755,0,True,False
520064,k5c_cmd_milk_neg,milk,0,vis_pgd,0,2,235,245,11,250,ok,11,11,0.071312,0,True,False
520135,k5c_phys_salad,salad_dressing,2,random_linf,2,2,75,85,11,90,ok,0,0,0.007993,0,True,False
520089,k5c_cmd_salad_neg,salad_dressing,1,random_linf,1,4,55,65,11,70,ok,0,0,0.001207,0,True,False
520087,k5c_cmd_salad_neg,salad_dressing,1,random_linf,1,3,55,65,11,70,ok,0,0,0.001209,0,True,False
520065,k5c_cmd_milk_neg,milk,0,random_linf,0,2,235,245,11,250,ok,11,11,0.000483,0,True,True
520046,k5c_rand_alpha,alphabet_soup,0,vis_pgd,0,3,55,65,11,70,ok,4,3,0.014803,0,True,False
520049,k5c_rand_alpha,alphabet_soup,0,random_linf,0,4,55,65,11,70,ok,0,0,0.003079,0,True,False
520023,k5c_rand_cream,cream_cheese,2,random_linf,2,1,65,75,11,80,ok,4,2,0.014152,0,True,False
520149,k5c_phys_bbq,bbq_sauce,0,random_linf,0,4,70,80,11,85,ok,0,0,0.006643,0,True,False
520036,k5c_rand_oj,orange_juice,1,vis_pgd,1,3,50,60,11,65,ok,2,1,0.004933,0,True,False
520085,k5c_cmd_salad_neg,salad_dressing,1,random_linf,1,2,55,65,11,70,ok,0,0,0.00121,0,True,False
520108,k5c_cmd_butter,butter,0,vis_pgd,0,4,80,90,11,95,ok,8,8,0.066179,0,True,False
520104,k5c_cmd_butter,butter,0,vis_pgd,0,2,80,90,11,95,ok,8,8,0.066179,0,True,False
520012,k5c_rand_butter2,butter,0,vis_pgd,0,1,95,105,11,110,ok,6,5,0.052892,0,True,False
520122,k5c_phys_tomato,tomato_sauce,2,vis_pgd,2,1,85,95,11,100,ok,3,2,0.00036,0,True,False
520038,k5c_rand_oj,orange_juice,1,vis_pgd,1,4,50,60,11,65,ok,4,2,0.014032,0,True,False
520099,k5c_cmd_alpha,alphabet_soup,0,random_linf,0,4,65,75,11,80,ok,10,9,0.067394,0,True,False
520051,k5c_cmd_tomato_early,tomato_sauce,0,random_linf,0,0,50,60,11,65,ok,1,1,0.000689,0,True,False
520019,k5c_rand_butter2,butter,0,random_linf,0,4,95,105,11,110,ok,11,11,0.039088,0,True,False
520011,k5c_rand_butter2,butter,0,random_linf,0,0,95,105,11,110,ok,11,11,0.039087,0,True,False
520142,k5c_phys_bbq,bbq_sauce,0,vis_pgd,0,1,70,80,11,85,ok,4,2,0.000655,0,True,False
520048,k5c_rand_alpha,alphabet_soup,0,vis_pgd,0,4,55,65,11,70,ok,1,1,0.005257,0,True,False
520058,k5c_cmd_tomato_early,tomato_sauce,0,vis_pgd,0,4,50,60,11,65,ok,6,4,0.002967,0,True,False
520100,k5c_cmd_butter,butter,0,vis_pgd,0,0,80,90,11,95,ok,8,8,0.066179,0,True,False
520066,k5c_cmd_milk_neg,milk,0,vis_pgd,0,3,235,245,11,250,ok,11,11,0.071312,0,True,False
520111,k5c_phys_butter,butter,0,random_linf,0,0,135,145,11,150,ok,2,2,0.064991,0,True,False
520129,k5c_phys_tomato,tomato_sauce,2,random_linf,2,4,85,95,11,100,ok,11,11,0.065117,0,True,False
520158,k5c_sentinel_milk_gold,milk,0,vis_pgd,0,4,70,80,11,85,ok,10,6,0.061506,0,True,False
520151,k5c_sentinel_milk_gold,milk,0,random_linf,0,0,70,80,11,85,ok,0,0,0.022853,0,True,False
520043,k5c_rand_alpha,alphabet_soup,0,random_linf,0,1,55,65,11,70,ok,4,1,0.005148,0,True,False
520127,k5c_phys_tomato,tomato_sauce,2,random_linf,2,3,85,95,11,100,ok,0,0,0.000653,0,True,False
520078,k5c_cmd_cream,cream_cheese,1,vis_pgd,1,4,85,95,11,100,ok,4,2,0.014861,0,True,False
520086,k5c_cmd_salad_neg,salad_dressing,1,vis_pgd,1,3,55,65,11,70,ok,6,3,0.002444,0,True,False
520083,k5c_cmd_salad_neg,salad_dressing,1,random_linf,1,1,55,65,11,70,ok,0,0,0.001208,0,True,False
520057,k5c_cmd_tomato_early,tomato_sauce,0,random_linf,0,3,50,60,11,65,ok,2,1,0.000776,0,True,False
520125,k5c_phys_tomato,tomato_sauce,2,random_linf,2,2,85,95,11,100,ok,1,1,0.061113,0,True,False
520107,k5c_cmd_butter,butter,0,random_linf,0,3,80,90,11,95,ok,2,1,0.003753,0,True,False
520035,k5c_rand_oj,orange_juice,1,random_linf,1,2,50,60,11,65,ok,4,2,0.015126,0,True,False
520071,k5c_cmd_cream,cream_cheese,1,random_linf,1,0,85,95,11,100,ok,3,1,0.014851,0,True,False
520144,k5c_phys_bbq,bbq_sauce,0,vis_pgd,0,2,70,80,11,85,ok,2,1,0.000213,0,True,False
520096,k5c_cmd_alpha,alphabet_soup,0,vis_pgd,0,3,65,75,11,80,ok,4,3,0.024905,0,True,False
520074,k5c_cmd_cream,cream_cheese,1,vis_pgd,1,2,85,95,11,100,ok,6,3,0.025105,0,True,False
520005,k5c_rand_butter1,butter,0,random_linf,0,2,90,100,11,105,ok,11,11,0.072198,0,True,False
520031,k5c_rand_oj,orange_juice,1,random_linf,1,0,50,60,11,65,ok,4,2,0.015433,0,True,False
520115,k5c_phys_butter,butter,0,random_linf,0,2,135,145,11,150,ok,0,0,6.4e-05,0,True,False
520073,k5c_cmd_cream,cream_cheese,1,random_linf,1,1,85,95,11,100,ok,3,1,0.01581,0,True,False
520088,k5c_cmd_salad_neg,salad_dressing,1,vis_pgd,1,4,55,65,11,70,ok,5,2,0.002151,0,True,False
520139,k5c_phys_salad,salad_dressing,2,random_linf,2,4,75,85,11,90,ok,0,0,0.029661,0,True,False
520155,k5c_sentinel_milk_gold,milk,0,random_linf,0,2,70,80,11,85,ok,1,1,0.022408,0,True,False
520124,k5c_phys_tomato,tomato_sauce,2,vis_pgd,2,2,85,95,11,100,ok,8,8,0.065355,0,True,False
520097,k5c_cmd_alpha,alphabet_soup,0,random_linf,0,3,65,75,11,80,ok,7,4,0.053707,0,True,False
520010,k5c_rand_butter2,butter,0,vis_pgd,0,0,95,105,11,110,ok,6,5,0.053483,0,True,False
520022,k5c_rand_cream,cream_cheese,2,vis_pgd,2,1,65,75,11,80,ok,4,2,0.014022,0,True,False
520110,k5c_phys_butter,butter,0,vis_pgd,0,0,135,145,11,150,ok,6,6,0.060324,0,True,False
520029,k5c_rand_cream,cream_cheese,2,random_linf,2,4,65,75,11,80,ok,5,5,0.028422,0,True,False
520123,k5c_phys_tomato,tomato_sauce,2,random_linf,2,1,85,95,11,100,ok,0,0,4.8e-05,0,True,False
520013,k5c_rand_butter2,butter,0,random_linf,0,1,95,105,11,110,ok,11,11,0.039087,0,True,False
520025,k5c_rand_cream,cream_cheese,2,random_linf,2,2,65,75,11,80,ok,2,2,0.008693,0,True,False
520095,k5c_cmd_alpha,alphabet_soup,0,random_linf,0,2,65,75,11,80,ok,9,6,0.061649,0,True,False
520040,k5c_rand_alpha,alphabet_soup,0,vis_pgd,0,0,55,65,11,70,ok,3,2,0.010541,0,True,False
520121,k5c_phys_tomato,tomato_sauce,2,random_linf,2,0,85,95,11,100,ok,7,3,0.020541,0,True,False
520020,k5c_rand_cream,cream_cheese,2,vis_pgd,2,0,65,75,11,80,ok,4,2,0.014022,0,True,False
520080,k5c_cmd_salad_neg,salad_dressing,1,vis_pgd,1,0,55,65,11,70,ok,4,2,0.002113,0,True,False
520017,k5c_rand_butter2,butter,0,random_linf,0,3,95,105,11,110,ok,11,11,0.039139,0,True,False
520050,k5c_cmd_tomato_early,tomato_sauce,0,vis_pgd,0,0,50,60,11,65,ok,6,4,0.002967,0,True,False
520132,k5c_phys_salad,salad_dressing,2,vis_pgd,2,1,75,85,11,90,ok,6,3,0.028636,0,True,False
520045,k5c_rand_alpha,alphabet_soup,0,random_linf,0,2,55,65,11,70,ok,0,0,0.003491,0,True,False
520015,k5c_rand_butter2,butter,0,random_linf,0,2,95,105,11,110,ok,11,11,0.039093,0,True,False
520148,k5c_phys_bbq,bbq_sauce,0,vis_pgd,0,4,70,80,11,85,ok,4,2,0.001031,0,True,False
520128,k5c_phys_tomato,tomato_sauce,2,vis_pgd,2,4,85,95,11,100,ok,5,3,0.044094,0,True,False
520091,k5c_cmd_alpha,alphabet_soup,0,random_linf,0,0,65,75,11,80,ok,5,3,0.039957,0,True,False
520143,k5c_phys_bbq,bbq_sauce,0,random_linf,0,1,70,80,11,85,ok,0,0,0.000149,0,True,False
520021,k5c_rand_cream,cream_cheese,2,random_linf,2,0,65,75,11,80,ok,3,2,0.009788,0,True,False
520007,k5c_rand_butter1,butter,0,random_linf,0,3,90,100,11,105,ok,2,1,0.005677,0,True,False
520118,k5c_phys_butter,butter,0,vis_pgd,0,4,135,145,11,150,ok,1,1,0.000187,0,True,False
520002,k5c_rand_butter1,butter,0,vis_pgd,0,1,90,100,11,105,ok,10,10,0.071272,0,True,False
520061,k5c_cmd_milk_neg,milk,0,random_linf,0,0,235,245,11,250,ok,0,0,0.001574,0,True,False
520037,k5c_rand_oj,orange_juice,1,random_linf,1,3,50,60,11,65,ok,6,2,0.016319,0,True,False
520001,k5c_rand_butter1,butter,0,random_linf,0,0,90,100,11,105,ok,11,11,0.072198,0,True,False
520059,k5c_cmd_tomato_early,tomato_sauce,0,random_linf,0,4,50,60,11,65,ok,0,0,0.000323,0,True,False
520146,k5c_phys_bbq,bbq_sauce,0,vis_pgd,0,3,70,80,11,85,ok,1,1,0.000861,0,True,False
520152,k5c_sentinel_milk_gold,milk,0,vis_pgd,0,1,70,80,11,85,ok,7,4,0.04585,0,True,False
520084,k5c_cmd_salad_neg,salad_dressing,1,vis_pgd,1,2,55,65,11,70,ok,5,3,0.002608,0,True,False
520009,k5c_rand_butter1,butter,0,random_linf,0,4,90,100,11,105,ok,11,11,0.072198,0,True,False
520140,k5c_phys_bbq,bbq_sauce,0,vis_pgd,0,0,70,80,11,85,ok,3,1,0.000357,0,True,False
520060,k5c_cmd_milk_neg,milk,0,vis_pgd,0,0,235,245,11,250,ok,11,11,0.071312,0,True,True
520076,k5c_cmd_cream,cream_cheese,1,vis_pgd,1,3,85,95,11,100,ok,5,2,0.016752,0,True,False
520134,k5c_phys_salad,salad_dressing,2,vis_pgd,2,2,75,85,11,90,ok,8,5,0.043171,0,True,False
520112,k5c_phys_butter,butter,0,vis_pgd,0,1,135,145,11,150,ok,5,3,0.030018,0,True,False
520042,k5c_rand_alpha,alphabet_soup,0,vis_pgd,0,1,55,65,11,70,ok,0,0,0.003084,0,True,False
520032,k5c_rand_oj,orange_juice,1,vis_pgd,1,1,50,60,11,65,ok,2,1,0.00645,0,True,False
520150,k5c_sentinel_milk_gold,milk,0,vis_pgd,0,0,70,80,11,85,ok,10,9,0.065256,0,True,False
520138,k5c_phys_salad,salad_dressing,2,vis_pgd,2,4,75,85,11,90,ok,4,2,0.035012,0,True,False
520027,k5c_rand_cream,cream_cheese,2,random_linf,2,3,65,75,11,80,ok,2,2,0.008693,0,True,False
520055,k5c_cmd_tomato_early,tomato_sauce,0,random_linf,0,2,50,60,11,65,ok,0,0,0.000325,0,True,False
520116,k5c_phys_butter,butter,0,vis_pgd,0,3,135,145,11,150,ok,3,1,0.001081,0,True,False
520141,k5c_phys_bbq,bbq_sauce,0,random_linf,0,0,70,80,11,85,ok,4,2,0.029289,0,True,False
520101,k5c_cmd_butter,butter,0,random_linf,0,0,80,90,11,95,ok,2,1,0.003458,0,True,False
520004,k5c_rand_butter1,butter,0,vis_pgd,0,2,90,100,11,105,ok,10,10,0.071272,0,True,False
520145,k5c_phys_bbq,bbq_sauce,0,random_linf,0,2,70,80,11,85,ok,0,0,0.019876,0,True,False
520069,k5c_cmd_milk_neg,milk,0,random_linf,0,4,235,245,11,250,ok,2,2,0.00569,0,True,False
520062,k5c_cmd_milk_neg,milk,0,vis_pgd,0,1,235,245,11,250,ok,11,11,0.071312,0,True,False
520014,k5c_rand_butter2,butter,0,vis_pgd,0,2,95,105,11,110,ok,6,5,0.053483,0,True,False
520003,k5c_rand_butter1,butter,0,random_linf,0,1,90,100,11,105,ok,2,2,0.014583,0,True,False
520103,k5c_cmd_butter,butter,0,random_linf,0,1,80,90,11,95,ok,1,1,0.003128,0,True,False
520081,k5c_cmd_salad_neg,salad_dressing,1,random_linf,1,0,55,65,11,70,ok,0,0,0.001207,0,True,False
520131,k5c_phys_salad,salad_dressing,2,random_linf,2,0,75,85,11,90,ok,2,2,0.0218,0,True,False
520092,k5c_cmd_alpha,alphabet_soup,0,vis_pgd,0,1,65,75,11,80,ok,4,3,0.023713,0,True,False
520159,k5c_sentinel_milk_gold,milk,0,random_linf,0,4,70,80,11,85,ok,0,0,0.02377,0,True,False
520053,k5c_cmd_tomato_early,tomato_sauce,0,random_linf,0,1,50,60,11,65,ok,2,1,0.000739,0,True,False
520093,k5c_cmd_alpha,alphabet_soup,0,random_linf,0,1,65,75,11,80,ok,7,3,0.043256,0,True,False
520044,k5c_rand_alpha,alphabet_soup,0,vis_pgd,0,2,55,65,11,70,ok,6,4,0.039479,0,True,False
520008,k5c_rand_butter1,butter,0,vis_pgd,0,4,90,100,11,105,ok,7,5,0.050449,0,True,False
520120,k5c_phys_tomato,tomato_sauce,2,vis_pgd,2,0,85,95,11,100,ok,7,6,0.047268,0,True,False
520126,k5c_phys_tomato,tomato_sauce,2,vis_pgd,2,3,85,95,11,100,ok,2,2,0.000759,0,True,False
520041,k5c_rand_alpha,alphabet_soup,0,random_linf,0,0,55,65,11,70,ok,3,2,0.030122,0,True,False
520068,k5c_cmd_milk_neg,milk,0,vis_pgd,0,4,235,245,11,250,ok,11,11,0.071312,0,True,False
520136,k5c_phys_salad,salad_dressing,2,vis_pgd,2,3,75,85,11,90,ok,4,3,0.052919,0,True,False
520133,k5c_phys_salad,salad_dressing,2,random_linf,2,1,75,85,11,90,ok,0,0,0.066275,0,True,False
520094,k5c_cmd_alpha,alphabet_soup,0,vis_pgd,0,2,65,75,11,80,ok,4,2,0.014189,0,True,False
520018,k5c_rand_butter2,butter,0,vis_pgd,0,4,95,105,11,110,ok,4,2,0.031611,0,True,False
520154,k5c_sentinel_milk_gold,milk,0,vis_pgd,0,2,70,80,11,85,ok,11,11,0.048726,0,True,False
520153,k5c_sentinel_milk_gold,milk,0,random_linf,0,1,70,80,11,85,ok,0,0,0.011687,0,True,False
520047,k5c_rand_alpha,alphabet_soup,0,random_linf,0,3,55,65,11,70,ok,0,0,0.008312,0,True,False
520075,k5c_cmd_cream,cream_cheese,1,random_linf,1,2,85,95,11,100,ok,3,2,0.015627,0,True,False
520016,k5c_rand_butter2,butter,0,vis_pgd,0,3,95,105,11,110,ok,7,5,0.044357,0,True,False
520105,k5c_cmd_butter,butter,0,random_linf,0,2,80,90,11,95,ok,4,2,0.007226,0,True,False
520033,k5c_rand_oj,orange_juice,1,random_linf,1,1,50,60,11,65,ok,7,4,0.030215,0,True,False
520106,k5c_cmd_butter,butter,0,vis_pgd,0,3,80,90,11,95,ok,8,8,0.066179,0,True,False
520039,k5c_rand_oj,orange_juice,1,random_linf,1,4,50,60,11,65,ok,5,3,0.024341,0,True,False
520156,k5c_sentinel_milk_gold,milk,0,vis_pgd,0,3,70,80,11,85,ok,7,3,0.033823,0,True,False
520054,k5c_cmd_tomato_early,tomato_sauce,0,vis_pgd,0,2,50,60,11,65,ok,8,3,0.009657,0,True,False
520052,k5c_cmd_tomato_early,tomato_sauce,0,vis_pgd,0,1,50,60,11,65,ok,6,4,0.002967,0,True,False
520026,k5c_rand_cream,cream_cheese,2,vis_pgd,2,3,65,75,11,80,ok,5,2,0.013088,0,True,False
520079,k5c_cmd_cream,cream_cheese,1,random_linf,1,4,85,95,11,100,ok,4,1,0.013965,0,True,False
520034,k5c_rand_oj,orange_juice,1,vis_pgd,1,2,50,60,11,65,ok,4,1,0.006114,0,True,False
520113,k5c_phys_butter,butter,0,random_linf,0,1,135,145,11,150,ok,0,0,0.056933,0,True,False
520030,k5c_rand_oj,orange_juice,1,vis_pgd,1,0,50,60,11,65,ok,2,1,0.005859,0,True,False
520119,k5c_phys_butter,butter,0,random_linf,0,4,135,145,11,150,ok,7,7,0.016945,0,True,False
520130,k5c_phys_salad,salad_dressing,2,vis_pgd,2,0,75,85,11,90,ok,7,4,0.037995,0,True,False
520157,k5c_sentinel_milk_gold,milk,0,random_linf,0,3,70,80,11,85,ok,0,0,0.020096,0,True,False
